family	case	revision	rep	latency_ns	ops_per_sec	mib_per_sec	p50_us	p90_us	p99_us	ttfb_p90_us	wall_seconds	cache_hits	cache_misses	cache_writes	read_errors	write_errors	timeouts	hit_avg_ms	write_avg_ms	request_errors	case_request_errors	error_detail	ops_expected	ops_success	statuses
criterion	aes128_cmac/1024	before	1	834.6177633405433	NA	NA	NA	NA	NA	NA	NA	NA	NA	NA	NA	NA	NA	NA	NA	NA	NA	NA	NA	NA	NA
criterion	aes128_cmac/1024	before	2	829.3616761672965	NA	NA	NA	NA	NA	NA	NA	NA	NA	NA	NA	NA	NA	NA	NA	NA	NA	NA	NA	NA	NA
criterion	aes128_cmac/1024	before	3	835.2257165411272	NA	NA	NA	NA	NA	NA	NA	NA	NA	NA	NA	NA	NA	NA	NA	NA	NA	NA	NA	NA	NA
criterion	aes128_cmac/1024	after	1	836.0993430704783	NA	NA	NA	NA	NA	NA	NA	NA	NA	NA	NA	NA	NA	NA	NA	NA	NA	NA	NA	NA	NA
criterion	aes128_cmac/1024	after	2	836.1509056444819	NA	NA	NA	NA	NA	NA	NA	NA	NA	NA	NA	NA	NA	NA	NA	NA	NA	NA	NA	NA	NA
criterion	aes128_cmac/1024	after	3	830.3114513246426	NA	NA	NA	NA	NA	NA	NA	NA	NA	NA	NA	NA	NA	NA	NA	NA	NA	NA	NA	NA	NA
criterion	aes128_cmac/256	before	1	450.5273927272207	NA	NA	NA	NA	NA	NA	NA	NA	NA	NA	NA	NA	NA	NA	NA	NA	NA	NA	NA	NA	NA
criterion	aes128_cmac/256	before	2	447.0677214500673	NA	NA	NA	NA	NA	NA	NA	NA	NA	NA	NA	NA	NA	NA	NA	NA	NA	NA	NA	NA	NA
criterion	aes128_cmac/256	before	3	471.56993846393016	NA	NA	NA	NA	NA	NA	NA	NA	NA	NA	NA	NA	NA	NA	NA	NA	NA	NA	NA	NA	NA
criterion	aes128_cmac/256	after	1	459.64056401166545	NA	NA	NA	NA	NA	NA	NA	NA	NA	NA	NA	NA	NA	NA	NA	NA	NA	NA	NA	NA	NA
criterion	aes128_cmac/256	after	2	457.33051873410295	NA	NA	NA	NA	NA	NA	NA	NA	NA	NA	NA	NA	NA	NA	NA	NA	NA	NA	NA	NA	NA
criterion	aes128_cmac/256	after	3	461.2754817266788	NA	NA	NA	NA	NA	NA	NA	NA	NA	NA	NA	NA	NA	NA	NA	NA	NA	NA	NA	NA	NA
criterion	aes128_cmac/262144	before	1	130390.8856544901	NA	NA	NA	NA	NA	NA	NA	NA	NA	NA	NA	NA	NA	NA	NA	NA	NA	NA	NA	NA	NA
criterion	aes128_cmac/262144	before	2	129778.45285087719	NA	NA	NA	NA	NA	NA	NA	NA	NA	NA	NA	NA	NA	NA	NA	NA	NA	NA	NA	NA	NA
criterion	aes128_cmac/262144	before	3	132357.7551207983	NA	NA	NA	NA	NA	NA	NA	NA	NA	NA	NA	NA	NA	NA	NA	NA	NA	NA	NA	NA	NA
criterion	aes128_cmac/262144	after	1	130363.90205223882	NA	NA	NA	NA	NA	NA	NA	NA	NA	NA	NA	NA	NA	NA	NA	NA	NA	NA	NA	NA	NA
criterion	aes128_cmac/262144	after	2	129521.64321983274	NA	NA	NA	NA	NA	NA	NA	NA	NA	NA	NA	NA	NA	NA	NA	NA	NA	NA	NA	NA	NA
criterion	aes128_cmac/262144	after	3	130139.74351851852	NA	NA	NA	NA	NA	NA	NA	NA	NA	NA	NA	NA	NA	NA	NA	NA	NA	NA	NA	NA	NA
criterion	aes128_cmac/64	before	1	366.2410292400248	NA	NA	NA	NA	NA	NA	NA	NA	NA	NA	NA	NA	NA	NA	NA	NA	NA	NA	NA	NA	NA
criterion	aes128_cmac/64	before	2	365.4293321023239	NA	NA	NA	NA	NA	NA	NA	NA	NA	NA	NA	NA	NA	NA	NA	NA	NA	NA	NA	NA	NA
criterion	aes128_cmac/64	before	3	372.3657076954674	NA	NA	NA	NA	NA	NA	NA	NA	NA	NA	NA	NA	NA	NA	NA	NA	NA	NA	NA	NA	NA
criterion	aes128_cmac/64	after	1	371.6425236117896	NA	NA	NA	NA	NA	NA	NA	NA	NA	NA	NA	NA	NA	NA	NA	NA	NA	NA	NA	NA	NA
criterion	aes128_cmac/64	after	2	371.27651918976545	NA	NA	NA	NA	NA	NA	NA	NA	NA	NA	NA	NA	NA	NA	NA	NA	NA	NA	NA	NA	NA
criterion	aes128_cmac/64	after	3	361.92557376802546	NA	NA	NA	NA	NA	NA	NA	NA	NA	NA	NA	NA	NA	NA	NA	NA	NA	NA	NA	NA	NA
criterion	aes128_cmac/65536	before	1	32835.769610855095	NA	NA	NA	NA	NA	NA	NA	NA	NA	NA	NA	NA	NA	NA	NA	NA	NA	NA	NA	NA	NA
criterion	aes128_cmac/65536	before	2	32720.354926231557	NA	NA	NA	NA	NA	NA	NA	NA	NA	NA	NA	NA	NA	NA	NA	NA	NA	NA	NA	NA	NA
criterion	aes128_cmac/65536	before	3	33767.15980570734	NA	NA	NA	NA	NA	NA	NA	NA	NA	NA	NA	NA	NA	NA	NA	NA	NA	NA	NA	NA	NA
criterion	aes128_cmac/65536	after	1	32873.734465325586	NA	NA	NA	NA	NA	NA	NA	NA	NA	NA	NA	NA	NA	NA	NA	NA	NA	NA	NA	NA	NA
criterion	aes128_cmac/65536	after	2	32860.93991638057	NA	NA	NA	NA	NA	NA	NA	NA	NA	NA	NA	NA	NA	NA	NA	NA	NA	NA	NA	NA	NA
criterion	aes128_cmac/65536	after	3	32685.597927786162	NA	NA	NA	NA	NA	NA	NA	NA	NA	NA	NA	NA	NA	NA	NA	NA	NA	NA	NA	NA	NA
criterion	build_request_close	before	1	102.5344895287958	NA	NA	NA	NA	NA	NA	NA	NA	NA	NA	NA	NA	NA	NA	NA	NA	NA	NA	NA	NA	NA
criterion	build_request_close	before	2	105.52096841060134	NA	NA	NA	NA	NA	NA	NA	NA	NA	NA	NA	NA	NA	NA	NA	NA	NA	NA	NA	NA	NA
criterion	build_request_close	before	3	103.98842695992377	NA	NA	NA	NA	NA	NA	NA	NA	NA	NA	NA	NA	NA	NA	NA	NA	NA	NA	NA	NA	NA
criterion	build_request_close	after	1	105.45542405623051	NA	NA	NA	NA	NA	NA	NA	NA	NA	NA	NA	NA	NA	NA	NA	NA	NA	NA	NA	NA	NA
criterion	build_request_close	after	2	108.94343391081713	NA	NA	NA	NA	NA	NA	NA	NA	NA	NA	NA	NA	NA	NA	NA	NA	NA	NA	NA	NA	NA
criterion	build_request_close	after	3	106.12070361043448	NA	NA	NA	NA	NA	NA	NA	NA	NA	NA	NA	NA	NA	NA	NA	NA	NA	NA	NA	NA	NA
criterion	decode_create_response	before	1	0.9221154216134808	NA	NA	NA	NA	NA	NA	NA	NA	NA	NA	NA	NA	NA	NA	NA	NA	NA	NA	NA	NA	NA
criterion	decode_create_response	before	2	0.920231449029568	NA	NA	NA	NA	NA	NA	NA	NA	NA	NA	NA	NA	NA	NA	NA	NA	NA	NA	NA	NA	NA
criterion	decode_create_response	before	3	0.9193239270678355	NA	NA	NA	NA	NA	NA	NA	NA	NA	NA	NA	NA	NA	NA	NA	NA	NA	NA	NA	NA	NA
criterion	decode_create_response	after	1	0.9151544407494955	NA	NA	NA	NA	NA	NA	NA	NA	NA	NA	NA	NA	NA	NA	NA	NA	NA	NA	NA	NA	NA
criterion	decode_create_response	after	2	0.9163966409654518	NA	NA	NA	NA	NA	NA	NA	NA	NA	NA	NA	NA	NA	NA	NA	NA	NA	NA	NA	NA	NA
criterion	decode_create_response	after	3	0.9197489862135639	NA	NA	NA	NA	NA	NA	NA	NA	NA	NA	NA	NA	NA	NA	NA	NA	NA	NA	NA	NA	NA
criterion	decode_read_response_bytes/1024	before	1	3.9129704579942546	NA	NA	NA	NA	NA	NA	NA	NA	NA	NA	NA	NA	NA	NA	NA	NA	NA	NA	NA	NA	NA
criterion	decode_read_response_bytes/1024	before	2	3.883416849036152	NA	NA	NA	NA	NA	NA	NA	NA	NA	NA	NA	NA	NA	NA	NA	NA	NA	NA	NA	NA	NA
criterion	decode_read_response_bytes/1024	before	3	3.895506199339385	NA	NA	NA	NA	NA	NA	NA	NA	NA	NA	NA	NA	NA	NA	NA	NA	NA	NA	NA	NA	NA
criterion	decode_read_response_bytes/1024	after	1	3.8562271568118787	NA	NA	NA	NA	NA	NA	NA	NA	NA	NA	NA	NA	NA	NA	NA	NA	NA	NA	NA	NA	NA
criterion	decode_read_response_bytes/1024	after	2	3.9913701814290805	NA	NA	NA	NA	NA	NA	NA	NA	NA	NA	NA	NA	NA	NA	NA	NA	NA	NA	NA	NA	NA
criterion	decode_read_response_bytes/1024	after	3	3.8956133147082306	NA	NA	NA	NA	NA	NA	NA	NA	NA	NA	NA	NA	NA	NA	NA	NA	NA	NA	NA	NA	NA
criterion	decode_read_response_bytes/64	before	1	3.9063108842184633	NA	NA	NA	NA	NA	NA	NA	NA	NA	NA	NA	NA	NA	NA	NA	NA	NA	NA	NA	NA	NA
criterion	decode_read_response_bytes/64	before	2	3.9143430980771	NA	NA	NA	NA	NA	NA	NA	NA	NA	NA	NA	NA	NA	NA	NA	NA	NA	NA	NA	NA	NA
criterion	decode_read_response_bytes/64	before	3	3.8887707413035084	NA	NA	NA	NA	NA	NA	NA	NA	NA	NA	NA	NA	NA	NA	NA	NA	NA	NA	NA	NA	NA
criterion	decode_read_response_bytes/64	after	1	3.8603049697497243	NA	NA	NA	NA	NA	NA	NA	NA	NA	NA	NA	NA	NA	NA	NA	NA	NA	NA	NA	NA	NA
criterion	decode_read_response_bytes/64	after	2	3.9199545986661173	NA	NA	NA	NA	NA	NA	NA	NA	NA	NA	NA	NA	NA	NA	NA	NA	NA	NA	NA	NA	NA
criterion	decode_read_response_bytes/64	after	3	3.8962168764157425	NA	NA	NA	NA	NA	NA	NA	NA	NA	NA	NA	NA	NA	NA	NA	NA	NA	NA	NA	NA	NA
criterion	decode_read_response_bytes/65536	before	1	3.9152226214911376	NA	NA	NA	NA	NA	NA	NA	NA	NA	NA	NA	NA	NA	NA	NA	NA	NA	NA	NA	NA	NA
criterion	decode_read_response_bytes/65536	before	2	3.8879097903045894	NA	NA	NA	NA	NA	NA	NA	NA	NA	NA	NA	NA	NA	NA	NA	NA	NA	NA	NA	NA	NA
criterion	decode_read_response_bytes/65536	before	3	3.883474680908771	NA	NA	NA	NA	NA	NA	NA	NA	NA	NA	NA	NA	NA	NA	NA	NA	NA	NA	NA	NA	NA
criterion	decode_read_response_bytes/65536	after	1	3.8725446148623903	NA	NA	NA	NA	NA	NA	NA	NA	NA	NA	NA	NA	NA	NA	NA	NA	NA	NA	NA	NA	NA
criterion	decode_read_response_bytes/65536	after	2	3.862356473038166	NA	NA	NA	NA	NA	NA	NA	NA	NA	NA	NA	NA	NA	NA	NA	NA	NA	NA	NA	NA	NA
criterion	decode_read_response_bytes/65536	after	3	3.9135776337572086	NA	NA	NA	NA	NA	NA	NA	NA	NA	NA	NA	NA	NA	NA	NA	NA	NA	NA	NA	NA	NA
criterion	encode_create_request	before	1	276.3432202025195	NA	NA	NA	NA	NA	NA	NA	NA	NA	NA	NA	NA	NA	NA	NA	NA	NA	NA	NA	NA	NA
criterion	encode_create_request	before	2	283.9970635597234	NA	NA	NA	NA	NA	NA	NA	NA	NA	NA	NA	NA	NA	NA	NA	NA	NA	NA	NA	NA	NA
criterion	encode_create_request	before	3	295.50950108644713	NA	NA	NA	NA	NA	NA	NA	NA	NA	NA	NA	NA	NA	NA	NA	NA	NA	NA	NA	NA	NA
criterion	encode_create_request	after	1	269.98616273432447	NA	NA	NA	NA	NA	NA	NA	NA	NA	NA	NA	NA	NA	NA	NA	NA	NA	NA	NA	NA	NA
criterion	encode_create_request	after	2	269.74292499678677	NA	NA	NA	NA	NA	NA	NA	NA	NA	NA	NA	NA	NA	NA	NA	NA	NA	NA	NA	NA	NA
criterion	encode_create_request	after	3	270.83856710812984	NA	NA	NA	NA	NA	NA	NA	NA	NA	NA	NA	NA	NA	NA	NA	NA	NA	NA	NA	NA	NA
criterion	encode_read_request	before	1	75.86971721113238	NA	NA	NA	NA	NA	NA	NA	NA	NA	NA	NA	NA	NA	NA	NA	NA	NA	NA	NA	NA	NA
criterion	encode_read_request	before	2	69.70435828898277	NA	NA	NA	NA	NA	NA	NA	NA	NA	NA	NA	NA	NA	NA	NA	NA	NA	NA	NA	NA	NA
criterion	encode_read_request	before	3	66.84897844391432	NA	NA	NA	NA	NA	NA	NA	NA	NA	NA	NA	NA	NA	NA	NA	NA	NA	NA	NA	NA	NA
criterion	encode_read_request	after	1	67.44200027975143	NA	NA	NA	NA	NA	NA	NA	NA	NA	NA	NA	NA	NA	NA	NA	NA	NA	NA	NA	NA	NA
criterion	encode_read_request	after	2	68.0385709346277	NA	NA	NA	NA	NA	NA	NA	NA	NA	NA	NA	NA	NA	NA	NA	NA	NA	NA	NA	NA	NA
criterion	encode_read_request	after	3	70.63822884664619	NA	NA	NA	NA	NA	NA	NA	NA	NA	NA	NA	NA	NA	NA	NA	NA	NA	NA	NA	NA	NA
criterion	encode_set_info_rename/long_255	before	1	977.9704045954046	NA	NA	NA	NA	NA	NA	NA	NA	NA	NA	NA	NA	NA	NA	NA	NA	NA	NA	NA	NA	NA
criterion	encode_set_info_rename/long_255	before	2	989.5210001728409	NA	NA	NA	NA	NA	NA	NA	NA	NA	NA	NA	NA	NA	NA	NA	NA	NA	NA	NA	NA	NA
criterion	encode_set_info_rename/long_255	before	3	978.1822919428758	NA	NA	NA	NA	NA	NA	NA	NA	NA	NA	NA	NA	NA	NA	NA	NA	NA	NA	NA	NA	NA
criterion	encode_set_info_rename/long_255	after	1	972.9646840928152	NA	NA	NA	NA	NA	NA	NA	NA	NA	NA	NA	NA	NA	NA	NA	NA	NA	NA	NA	NA	NA
criterion	encode_set_info_rename/long_255	after	2	979.5008522917008	NA	NA	NA	NA	NA	NA	NA	NA	NA	NA	NA	NA	NA	NA	NA	NA	NA	NA	NA	NA	NA
criterion	encode_set_info_rename/long_255	after	3	970.6837034570539	NA	NA	NA	NA	NA	NA	NA	NA	NA	NA	NA	NA	NA	NA	NA	NA	NA	NA	NA	NA	NA
criterion	encode_set_info_rename/short_5	before	1	120.60638937246125	NA	NA	NA	NA	NA	NA	NA	NA	NA	NA	NA	NA	NA	NA	NA	NA	NA	NA	NA	NA	NA
criterion	encode_set_info_rename/short_5	before	2	125.39667302391095	NA	NA	NA	NA	NA	NA	NA	NA	NA	NA	NA	NA	NA	NA	NA	NA	NA	NA	NA	NA	NA
criterion	encode_set_info_rename/short_5	before	3	119.63560691248001	NA	NA	NA	NA	NA	NA	NA	NA	NA	NA	NA	NA	NA	NA	NA	NA	NA	NA	NA	NA	NA
criterion	encode_set_info_rename/short_5	after	1	120.06800846821848	NA	NA	NA	NA	NA	NA	NA	NA	NA	NA	NA	NA	NA	NA	NA	NA	NA	NA	NA	NA	NA
criterion	encode_set_info_rename/short_5	after	2	121.61272024059022	NA	NA	NA	NA	NA	NA	NA	NA	NA	NA	NA	NA	NA	NA	NA	NA	NA	NA	NA	NA	NA
criterion	encode_set_info_rename/short_5	after	3	124.31498597710475	NA	NA	NA	NA	NA	NA	NA	NA	NA	NA	NA	NA	NA	NA	NA	NA	NA	NA	NA	NA	NA
criterion	encode_set_info_rename/typical_40	before	1	295.8344214768897	NA	NA	NA	NA	NA	NA	NA	NA	NA	NA	NA	NA	NA	NA	NA	NA	NA	NA	NA	NA	NA
criterion	encode_set_info_rename/typical_40	before	2	295.5234431095224	NA	NA	NA	NA	NA	NA	NA	NA	NA	NA	NA	NA	NA	NA	NA	NA	NA	NA	NA	NA	NA
criterion	encode_set_info_rename/typical_40	before	3	316.32959221848114	NA	NA	NA	NA	NA	NA	NA	NA	NA	NA	NA	NA	NA	NA	NA	NA	NA	NA	NA	NA	NA
criterion	encode_set_info_rename/typical_40	after	1	301.2424006973923	NA	NA	NA	NA	NA	NA	NA	NA	NA	NA	NA	NA	NA	NA	NA	NA	NA	NA	NA	NA	NA
criterion	encode_set_info_rename/typical_40	after	2	294.9980593932488	NA	NA	NA	NA	NA	NA	NA	NA	NA	NA	NA	NA	NA	NA	NA	NA	NA	NA	NA	NA	NA
criterion	encode_set_info_rename/typical_40	after	3	301.07807687169975	NA	NA	NA	NA	NA	NA	NA	NA	NA	NA	NA	NA	NA	NA	NA	NA	NA	NA	NA	NA	NA
criterion	encode_write_request/1024	before	1	73.99877838723636	NA	NA	NA	NA	NA	NA	NA	NA	NA	NA	NA	NA	NA	NA	NA	NA	NA	NA	NA	NA	NA
criterion	encode_write_request/1024	before	2	74.53043254266395	NA	NA	NA	NA	NA	NA	NA	NA	NA	NA	NA	NA	NA	NA	NA	NA	NA	NA	NA	NA	NA
criterion	encode_write_request/1024	before	3	75.76708227391363	NA	NA	NA	NA	NA	NA	NA	NA	NA	NA	NA	NA	NA	NA	NA	NA	NA	NA	NA	NA	NA
criterion	encode_write_request/1024	after	1	74.24045942941831	NA	NA	NA	NA	NA	NA	NA	NA	NA	NA	NA	NA	NA	NA	NA	NA	NA	NA	NA	NA	NA
criterion	encode_write_request/1024	after	2	74.05550355896952	NA	NA	NA	NA	NA	NA	NA	NA	NA	NA	NA	NA	NA	NA	NA	NA	NA	NA	NA	NA	NA
criterion	encode_write_request/1024	after	3	75.38619181904204	NA	NA	NA	NA	NA	NA	NA	NA	NA	NA	NA	NA	NA	NA	NA	NA	NA	NA	NA	NA	NA
criterion	encode_write_request/131072	before	1	1460.4846945065422	NA	NA	NA	NA	NA	NA	NA	NA	NA	NA	NA	NA	NA	NA	NA	NA	NA	NA	NA	NA	NA
criterion	encode_write_request/131072	before	2	1422.291155968831	NA	NA	NA	NA	NA	NA	NA	NA	NA	NA	NA	NA	NA	NA	NA	NA	NA	NA	NA	NA	NA
criterion	encode_write_request/131072	before	3	1423.384231604838	NA	NA	NA	NA	NA	NA	NA	NA	NA	NA	NA	NA	NA	NA	NA	NA	NA	NA	NA	NA	NA
criterion	encode_write_request/131072	after	1	1446.1217155549643	NA	NA	NA	NA	NA	NA	NA	NA	NA	NA	NA	NA	NA	NA	NA	NA	NA	NA	NA	NA	NA
criterion	encode_write_request/131072	after	2	1442.2159596900221	NA	NA	NA	NA	NA	NA	NA	NA	NA	NA	NA	NA	NA	NA	NA	NA	NA	NA	NA	NA	NA
criterion	encode_write_request/131072	after	3	1439.005107706132	NA	NA	NA	NA	NA	NA	NA	NA	NA	NA	NA	NA	NA	NA	NA	NA	NA	NA	NA	NA	NA
criterion	encode_write_request/64	before	1	62.1193234476367	NA	NA	NA	NA	NA	NA	NA	NA	NA	NA	NA	NA	NA	NA	NA	NA	NA	NA	NA	NA	NA
criterion	encode_write_request/64	before	2	60.266431463353484	NA	NA	NA	NA	NA	NA	NA	NA	NA	NA	NA	NA	NA	NA	NA	NA	NA	NA	NA	NA	NA
criterion	encode_write_request/64	before	3	63.69760803935229	NA	NA	NA	NA	NA	NA	NA	NA	NA	NA	NA	NA	NA	NA	NA	NA	NA	NA	NA	NA	NA
criterion	encode_write_request/64	after	1	62.71839917920893	NA	NA	NA	NA	NA	NA	NA	NA	NA	NA	NA	NA	NA	NA	NA	NA	NA	NA	NA	NA	NA
criterion	encode_write_request/64	after	2	59.438599449879185	NA	NA	NA	NA	NA	NA	NA	NA	NA	NA	NA	NA	NA	NA	NA	NA	NA	NA	NA	NA	NA
criterion	encode_write_request/64	after	3	62.67417468281593	NA	NA	NA	NA	NA	NA	NA	NA	NA	NA	NA	NA	NA	NA	NA	NA	NA	NA	NA	NA	NA
criterion	encode_write_request/65536	before	1	789.3368762745147	NA	NA	NA	NA	NA	NA	NA	NA	NA	NA	NA	NA	NA	NA	NA	NA	NA	NA	NA	NA	NA
criterion	encode_write_request/65536	before	2	785.6899312887548	NA	NA	NA	NA	NA	NA	NA	NA	NA	NA	NA	NA	NA	NA	NA	NA	NA	NA	NA	NA	NA
criterion	encode_write_request/65536	before	3	793.7992005533956	NA	NA	NA	NA	NA	NA	NA	NA	NA	NA	NA	NA	NA	NA	NA	NA	NA	NA	NA	NA	NA
criterion	encode_write_request/65536	after	1	774.1080998684932	NA	NA	NA	NA	NA	NA	NA	NA	NA	NA	NA	NA	NA	NA	NA	NA	NA	NA	NA	NA	NA
criterion	encode_write_request/65536	after	2	789.5333841906422	NA	NA	NA	NA	NA	NA	NA	NA	NA	NA	NA	NA	NA	NA	NA	NA	NA	NA	NA	NA	NA
criterion	encode_write_request/65536	after	3	783.6084710331397	NA	NA	NA	NA	NA	NA	NA	NA	NA	NA	NA	NA	NA	NA	NA	NA	NA	NA	NA	NA	NA
criterion	epoch_to_http_date	before	1	18.80881234960847	NA	NA	NA	NA	NA	NA	NA	NA	NA	NA	NA	NA	NA	NA	NA	NA	NA	NA	NA	NA	NA
criterion	epoch_to_http_date	before	2	18.806114037757496	NA	NA	NA	NA	NA	NA	NA	NA	NA	NA	NA	NA	NA	NA	NA	NA	NA	NA	NA	NA	NA
criterion	epoch_to_http_date	before	3	19.016278628561107	NA	NA	NA	NA	NA	NA	NA	NA	NA	NA	NA	NA	NA	NA	NA	NA	NA	NA	NA	NA	NA
criterion	epoch_to_http_date	after	1	18.786470806911808	NA	NA	NA	NA	NA	NA	NA	NA	NA	NA	NA	NA	NA	NA	NA	NA	NA	NA	NA	NA	NA
criterion	epoch_to_http_date	after	2	18.701509396272684	NA	NA	NA	NA	NA	NA	NA	NA	NA	NA	NA	NA	NA	NA	NA	NA	NA	NA	NA	NA	NA
criterion	epoch_to_http_date	after	3	19.018862111254215	NA	NA	NA	NA	NA	NA	NA	NA	NA	NA	NA	NA	NA	NA	NA	NA	NA	NA	NA	NA	NA
criterion	epoch_to_iso8601	before	1	19.21917183130838	NA	NA	NA	NA	NA	NA	NA	NA	NA	NA	NA	NA	NA	NA	NA	NA	NA	NA	NA	NA	NA
criterion	epoch_to_iso8601	before	2	19.44031826027592	NA	NA	NA	NA	NA	NA	NA	NA	NA	NA	NA	NA	NA	NA	NA	NA	NA	NA	NA	NA	NA
criterion	epoch_to_iso8601	before	3	19.282002272444423	NA	NA	NA	NA	NA	NA	NA	NA	NA	NA	NA	NA	NA	NA	NA	NA	NA	NA	NA	NA	NA
criterion	epoch_to_iso8601	after	1	19.141331941278036	NA	NA	NA	NA	NA	NA	NA	NA	NA	NA	NA	NA	NA	NA	NA	NA	NA	NA	NA	NA	NA
criterion	epoch_to_iso8601	after	2	19.164365538472694	NA	NA	NA	NA	NA	NA	NA	NA	NA	NA	NA	NA	NA	NA	NA	NA	NA	NA	NA	NA	NA
criterion	epoch_to_iso8601	after	3	19.396683289135613	NA	NA	NA	NA	NA	NA	NA	NA	NA	NA	NA	NA	NA	NA	NA	NA	NA	NA	NA	NA	NA
criterion	extract_element	before	1	120.81335195944882	NA	NA	NA	NA	NA	NA	NA	NA	NA	NA	NA	NA	NA	NA	NA	NA	NA	NA	NA	NA	NA
criterion	extract_element	before	2	119.73548062188854	NA	NA	NA	NA	NA	NA	NA	NA	NA	NA	NA	NA	NA	NA	NA	NA	NA	NA	NA	NA	NA
criterion	extract_element	before	3	121.34571907573071	NA	NA	NA	NA	NA	NA	NA	NA	NA	NA	NA	NA	NA	NA	NA	NA	NA	NA	NA	NA	NA
criterion	extract_element	after	1	117.50031375353271	NA	NA	NA	NA	NA	NA	NA	NA	NA	NA	NA	NA	NA	NA	NA	NA	NA	NA	NA	NA	NA
criterion	extract_element	after	2	120.70979523701783	NA	NA	NA	NA	NA	NA	NA	NA	NA	NA	NA	NA	NA	NA	NA	NA	NA	NA	NA	NA	NA
criterion	extract_element	after	3	126.7246364147974	NA	NA	NA	NA	NA	NA	NA	NA	NA	NA	NA	NA	NA	NA	NA	NA	NA	NA	NA	NA	NA
criterion	extract_sections_50_keys	before	1	2668.242412877012	NA	NA	NA	NA	NA	NA	NA	NA	NA	NA	NA	NA	NA	NA	NA	NA	NA	NA	NA	NA	NA
criterion	extract_sections_50_keys	before	2	2658.3256322891375	NA	NA	NA	NA	NA	NA	NA	NA	NA	NA	NA	NA	NA	NA	NA	NA	NA	NA	NA	NA	NA
criterion	extract_sections_50_keys	before	3	2655.1246666666666	NA	NA	NA	NA	NA	NA	NA	NA	NA	NA	NA	NA	NA	NA	NA	NA	NA	NA	NA	NA	NA
criterion	extract_sections_50_keys	after	1	2640.328758818342	NA	NA	NA	NA	NA	NA	NA	NA	NA	NA	NA	NA	NA	NA	NA	NA	NA	NA	NA	NA	NA
criterion	extract_sections_50_keys	after	2	2655.8101175920974	NA	NA	NA	NA	NA	NA	NA	NA	NA	NA	NA	NA	NA	NA	NA	NA	NA	NA	NA	NA	NA
criterion	extract_sections_50_keys	after	3	2676.3196888009443	NA	NA	NA	NA	NA	NA	NA	NA	NA	NA	NA	NA	NA	NA	NA	NA	NA	NA	NA	NA	NA
criterion	header_decode	before	1	1.8668448816509038	NA	NA	NA	NA	NA	NA	NA	NA	NA	NA	NA	NA	NA	NA	NA	NA	NA	NA	NA	NA	NA
criterion	header_decode	before	2	1.8405162296296407	NA	NA	NA	NA	NA	NA	NA	NA	NA	NA	NA	NA	NA	NA	NA	NA	NA	NA	NA	NA	NA
criterion	header_decode	before	3	1.929428804781204	NA	NA	NA	NA	NA	NA	NA	NA	NA	NA	NA	NA	NA	NA	NA	NA	NA	NA	NA	NA	NA
criterion	header_decode	after	1	1.8503421319065039	NA	NA	NA	NA	NA	NA	NA	NA	NA	NA	NA	NA	NA	NA	NA	NA	NA	NA	NA	NA	NA
criterion	header_decode	after	2	1.8412670615123559	NA	NA	NA	NA	NA	NA	NA	NA	NA	NA	NA	NA	NA	NA	NA	NA	NA	NA	NA	NA	NA
criterion	header_decode	after	3	1.8771419881372715	NA	NA	NA	NA	NA	NA	NA	NA	NA	NA	NA	NA	NA	NA	NA	NA	NA	NA	NA	NA	NA
criterion	header_encode	before	1	66.80141947501664	NA	NA	NA	NA	NA	NA	NA	NA	NA	NA	NA	NA	NA	NA	NA	NA	NA	NA	NA	NA	NA
criterion	header_encode	before	2	74.62119938118317	NA	NA	NA	NA	NA	NA	NA	NA	NA	NA	NA	NA	NA	NA	NA	NA	NA	NA	NA	NA	NA
criterion	header_encode	before	3	73.72900431741175	NA	NA	NA	NA	NA	NA	NA	NA	NA	NA	NA	NA	NA	NA	NA	NA	NA	NA	NA	NA	NA
criterion	header_encode	after	1	73.01921975252063	NA	NA	NA	NA	NA	NA	NA	NA	NA	NA	NA	NA	NA	NA	NA	NA	NA	NA	NA	NA	NA
criterion	header_encode	after	2	66.736007216227	NA	NA	NA	NA	NA	NA	NA	NA	NA	NA	NA	NA	NA	NA	NA	NA	NA	NA	NA	NA	NA
criterion	header_encode	after	3	66.28038979173853	NA	NA	NA	NA	NA	NA	NA	NA	NA	NA	NA	NA	NA	NA	NA	NA	NA	NA	NA	NA	NA
criterion	hex_encode_32B	before	1	34.25588812503106	NA	NA	NA	NA	NA	NA	NA	NA	NA	NA	NA	NA	NA	NA	NA	NA	NA	NA	NA	NA	NA
criterion	hex_encode_32B	before	2	34.376795263114005	NA	NA	NA	NA	NA	NA	NA	NA	NA	NA	NA	NA	NA	NA	NA	NA	NA	NA	NA	NA	NA
criterion	hex_encode_32B	before	3	34.769649533422566	NA	NA	NA	NA	NA	NA	NA	NA	NA	NA	NA	NA	NA	NA	NA	NA	NA	NA	NA	NA	NA
criterion	hex_encode_32B	after	1	34.237093875864915	NA	NA	NA	NA	NA	NA	NA	NA	NA	NA	NA	NA	NA	NA	NA	NA	NA	NA	NA	NA	NA
criterion	hex_encode_32B	after	2	33.90294083099829	NA	NA	NA	NA	NA	NA	NA	NA	NA	NA	NA	NA	NA	NA	NA	NA	NA	NA	NA	NA	NA
criterion	hex_encode_32B	after	3	34.233101775745524	NA	NA	NA	NA	NA	NA	NA	NA	NA	NA	NA	NA	NA	NA	NA	NA	NA	NA	NA	NA	NA
criterion	hmac_md5_64B	before	1	595.7727011847203	NA	NA	NA	NA	NA	NA	NA	NA	NA	NA	NA	NA	NA	NA	NA	NA	NA	NA	NA	NA	NA
criterion	hmac_md5_64B	before	2	597.5459100776498	NA	NA	NA	NA	NA	NA	NA	NA	NA	NA	NA	NA	NA	NA	NA	NA	NA	NA	NA	NA	NA
criterion	hmac_md5_64B	before	3	591.4512308453083	NA	NA	NA	NA	NA	NA	NA	NA	NA	NA	NA	NA	NA	NA	NA	NA	NA	NA	NA	NA	NA
criterion	hmac_md5_64B	after	1	599.6399603778007	NA	NA	NA	NA	NA	NA	NA	NA	NA	NA	NA	NA	NA	NA	NA	NA	NA	NA	NA	NA	NA
criterion	hmac_md5_64B	after	2	593.2962496230848	NA	NA	NA	NA	NA	NA	NA	NA	NA	NA	NA	NA	NA	NA	NA	NA	NA	NA	NA	NA	NA
criterion	hmac_md5_64B	after	3	595.0662819072181	NA	NA	NA	NA	NA	NA	NA	NA	NA	NA	NA	NA	NA	NA	NA	NA	NA	NA	NA	NA	NA
criterion	hmac_sha256_64B	before	1	318.8369454608173	NA	NA	NA	NA	NA	NA	NA	NA	NA	NA	NA	NA	NA	NA	NA	NA	NA	NA	NA	NA	NA
criterion	hmac_sha256_64B	before	2	321.7948849582303	NA	NA	NA	NA	NA	NA	NA	NA	NA	NA	NA	NA	NA	NA	NA	NA	NA	NA	NA	NA	NA
criterion	hmac_sha256_64B	before	3	319.48981358256975	NA	NA	NA	NA	NA	NA	NA	NA	NA	NA	NA	NA	NA	NA	NA	NA	NA	NA	NA	NA	NA
criterion	hmac_sha256_64B	after	1	316.63156829536956	NA	NA	NA	NA	NA	NA	NA	NA	NA	NA	NA	NA	NA	NA	NA	NA	NA	NA	NA	NA	NA
criterion	hmac_sha256_64B	after	2	316.00779936357554	NA	NA	NA	NA	NA	NA	NA	NA	NA	NA	NA	NA	NA	NA	NA	NA	NA	NA	NA	NA	NA
criterion	hmac_sha256_64B	after	3	314.8650609900935	NA	NA	NA	NA	NA	NA	NA	NA	NA	NA	NA	NA	NA	NA	NA	NA	NA	NA	NA	NA	NA
criterion	md4_64B	before	1	245.035571535634	NA	NA	NA	NA	NA	NA	NA	NA	NA	NA	NA	NA	NA	NA	NA	NA	NA	NA	NA	NA	NA
criterion	md4_64B	before	2	238.5701337357901	NA	NA	NA	NA	NA	NA	NA	NA	NA	NA	NA	NA	NA	NA	NA	NA	NA	NA	NA	NA	NA
criterion	md4_64B	before	3	244.00910051250204	NA	NA	NA	NA	NA	NA	NA	NA	NA	NA	NA	NA	NA	NA	NA	NA	NA	NA	NA	NA	NA
criterion	md4_64B	after	1	237.40809530946672	NA	NA	NA	NA	NA	NA	NA	NA	NA	NA	NA	NA	NA	NA	NA	NA	NA	NA	NA	NA	NA
criterion	md4_64B	after	2	235.6209474170842	NA	NA	NA	NA	NA	NA	NA	NA	NA	NA	NA	NA	NA	NA	NA	NA	NA	NA	NA	NA	NA
criterion	md4_64B	after	3	238.86010155850792	NA	NA	NA	NA	NA	NA	NA	NA	NA	NA	NA	NA	NA	NA	NA	NA	NA	NA	NA	NA	NA
criterion	parse_compound_response/2	before	1	30.868542114287656	NA	NA	NA	NA	NA	NA	NA	NA	NA	NA	NA	NA	NA	NA	NA	NA	NA	NA	NA	NA	NA
criterion	parse_compound_response/2	before	2	30.858089261925365	NA	NA	NA	NA	NA	NA	NA	NA	NA	NA	NA	NA	NA	NA	NA	NA	NA	NA	NA	NA	NA
criterion	parse_compound_response/2	before	3	29.64550722147424	NA	NA	NA	NA	NA	NA	NA	NA	NA	NA	NA	NA	NA	NA	NA	NA	NA	NA	NA	NA	NA
criterion	parse_compound_response/2	after	1	30.7741259410087	NA	NA	NA	NA	NA	NA	NA	NA	NA	NA	NA	NA	NA	NA	NA	NA	NA	NA	NA	NA	NA
criterion	parse_compound_response/2	after	2	30.983295875488658	NA	NA	NA	NA	NA	NA	NA	NA	NA	NA	NA	NA	NA	NA	NA	NA	NA	NA	NA	NA	NA
criterion	parse_compound_response/2	after	3	30.8174952271493	NA	NA	NA	NA	NA	NA	NA	NA	NA	NA	NA	NA	NA	NA	NA	NA	NA	NA	NA	NA	NA
criterion	parse_compound_response/4	before	1	42.04753178618985	NA	NA	NA	NA	NA	NA	NA	NA	NA	NA	NA	NA	NA	NA	NA	NA	NA	NA	NA	NA	NA
criterion	parse_compound_response/4	before	2	41.77263109516399	NA	NA	NA	NA	NA	NA	NA	NA	NA	NA	NA	NA	NA	NA	NA	NA	NA	NA	NA	NA	NA
criterion	parse_compound_response/4	before	3	39.644076986453456	NA	NA	NA	NA	NA	NA	NA	NA	NA	NA	NA	NA	NA	NA	NA	NA	NA	NA	NA	NA	NA
criterion	parse_compound_response/4	after	1	40.00801475142345	NA	NA	NA	NA	NA	NA	NA	NA	NA	NA	NA	NA	NA	NA	NA	NA	NA	NA	NA	NA	NA
criterion	parse_compound_response/4	after	2	40.086705328429844	NA	NA	NA	NA	NA	NA	NA	NA	NA	NA	NA	NA	NA	NA	NA	NA	NA	NA	NA	NA	NA
criterion	parse_compound_response/4	after	3	40.26411167908553	NA	NA	NA	NA	NA	NA	NA	NA	NA	NA	NA	NA	NA	NA	NA	NA	NA	NA	NA	NA	NA
criterion	parse_compound_response/8	before	1	101.9932737692926	NA	NA	NA	NA	NA	NA	NA	NA	NA	NA	NA	NA	NA	NA	NA	NA	NA	NA	NA	NA	NA
criterion	parse_compound_response/8	before	2	101.59003329617047	NA	NA	NA	NA	NA	NA	NA	NA	NA	NA	NA	NA	NA	NA	NA	NA	NA	NA	NA	NA	NA
criterion	parse_compound_response/8	before	3	99.78972787708908	NA	NA	NA	NA	NA	NA	NA	NA	NA	NA	NA	NA	NA	NA	NA	NA	NA	NA	NA	NA	NA
criterion	parse_compound_response/8	after	1	100.45398100308074	NA	NA	NA	NA	NA	NA	NA	NA	NA	NA	NA	NA	NA	NA	NA	NA	NA	NA	NA	NA	NA
criterion	parse_compound_response/8	after	2	101.095716436314	NA	NA	NA	NA	NA	NA	NA	NA	NA	NA	NA	NA	NA	NA	NA	NA	NA	NA	NA	NA	NA
criterion	parse_compound_response/8	after	3	101.69335733717944	NA	NA	NA	NA	NA	NA	NA	NA	NA	NA	NA	NA	NA	NA	NA	NA	NA	NA	NA	NA	NA
criterion	parse_directory_entries_50	before	1	3442.4605802968963	NA	NA	NA	NA	NA	NA	NA	NA	NA	NA	NA	NA	NA	NA	NA	NA	NA	NA	NA	NA	NA
criterion	parse_directory_entries_50	before	2	3431.510968463909	NA	NA	NA	NA	NA	NA	NA	NA	NA	NA	NA	NA	NA	NA	NA	NA	NA	NA	NA	NA	NA
criterion	parse_directory_entries_50	before	3	3440.04618732762	NA	NA	NA	NA	NA	NA	NA	NA	NA	NA	NA	NA	NA	NA	NA	NA	NA	NA	NA	NA	NA
criterion	parse_directory_entries_50	after	1	3377.729176423526	NA	NA	NA	NA	NA	NA	NA	NA	NA	NA	NA	NA	NA	NA	NA	NA	NA	NA	NA	NA	NA
criterion	parse_directory_entries_50	after	2	3378.1514197503748	NA	NA	NA	NA	NA	NA	NA	NA	NA	NA	NA	NA	NA	NA	NA	NA	NA	NA	NA	NA	NA
criterion	parse_directory_entries_50	after	3	3341.487702322308	NA	NA	NA	NA	NA	NA	NA	NA	NA	NA	NA	NA	NA	NA	NA	NA	NA	NA	NA	NA	NA
criterion	parse_http_date_iso8601	before	1	88.7276894947365	NA	NA	NA	NA	NA	NA	NA	NA	NA	NA	NA	NA	NA	NA	NA	NA	NA	NA	NA	NA	NA
criterion	parse_http_date_iso8601	before	2	90.08929097569572	NA	NA	NA	NA	NA	NA	NA	NA	NA	NA	NA	NA	NA	NA	NA	NA	NA	NA	NA	NA	NA
criterion	parse_http_date_iso8601	before	3	91.15498363684574	NA	NA	NA	NA	NA	NA	NA	NA	NA	NA	NA	NA	NA	NA	NA	NA	NA	NA	NA	NA	NA
criterion	parse_http_date_iso8601	after	1	87.93031734772194	NA	NA	NA	NA	NA	NA	NA	NA	NA	NA	NA	NA	NA	NA	NA	NA	NA	NA	NA	NA	NA
criterion	parse_http_date_iso8601	after	2	91.94626760625921	NA	NA	NA	NA	NA	NA	NA	NA	NA	NA	NA	NA	NA	NA	NA	NA	NA	NA	NA	NA	NA
criterion	parse_http_date_iso8601	after	3	91.55039182260919	NA	NA	NA	NA	NA	NA	NA	NA	NA	NA	NA	NA	NA	NA	NA	NA	NA	NA	NA	NA	NA
criterion	parse_http_date_rfc7231	before	1	112.40742660622699	NA	NA	NA	NA	NA	NA	NA	NA	NA	NA	NA	NA	NA	NA	NA	NA	NA	NA	NA	NA	NA
criterion	parse_http_date_rfc7231	before	2	112.05760067261198	NA	NA	NA	NA	NA	NA	NA	NA	NA	NA	NA	NA	NA	NA	NA	NA	NA	NA	NA	NA	NA
criterion	parse_http_date_rfc7231	before	3	113.1216490190952	NA	NA	NA	NA	NA	NA	NA	NA	NA	NA	NA	NA	NA	NA	NA	NA	NA	NA	NA	NA	NA
criterion	parse_http_date_rfc7231	after	1	112.5605511047286	NA	NA	NA	NA	NA	NA	NA	NA	NA	NA	NA	NA	NA	NA	NA	NA	NA	NA	NA	NA	NA
criterion	parse_http_date_rfc7231	after	2	114.32203453839887	NA	NA	NA	NA	NA	NA	NA	NA	NA	NA	NA	NA	NA	NA	NA	NA	NA	NA	NA	NA	NA
criterion	parse_http_date_rfc7231	after	3	114.75395889567793	NA	NA	NA	NA	NA	NA	NA	NA	NA	NA	NA	NA	NA	NA	NA	NA	NA	NA	NA	NA	NA
criterion	parse_range	before	1	7.856537839073577	NA	NA	NA	NA	NA	NA	NA	NA	NA	NA	NA	NA	NA	NA	NA	NA	NA	NA	NA	NA	NA
criterion	parse_range	before	2	7.879130586579787	NA	NA	NA	NA	NA	NA	NA	NA	NA	NA	NA	NA	NA	NA	NA	NA	NA	NA	NA	NA	NA
criterion	parse_range	before	3	7.887961850144616	NA	NA	NA	NA	NA	NA	NA	NA	NA	NA	NA	NA	NA	NA	NA	NA	NA	NA	NA	NA	NA
criterion	parse_range	after	1	7.976092827631055	NA	NA	NA	NA	NA	NA	NA	NA	NA	NA	NA	NA	NA	NA	NA	NA	NA	NA	NA	NA	NA
criterion	parse_range	after	2	7.8420757000993895	NA	NA	NA	NA	NA	NA	NA	NA	NA	NA	NA	NA	NA	NA	NA	NA	NA	NA	NA	NA	NA
criterion	parse_range	after	3	7.921889901068913	NA	NA	NA	NA	NA	NA	NA	NA	NA	NA	NA	NA	NA	NA	NA	NA	NA	NA	NA	NA	NA
criterion	pipelined_read_decode_zerocopy/d64_c65536	before	1	832.3865556111181	NA	NA	NA	NA	NA	NA	NA	NA	NA	NA	NA	NA	NA	NA	NA	NA	NA	NA	NA	NA	NA
criterion	pipelined_read_decode_zerocopy/d64_c65536	before	2	728.4398630825274	NA	NA	NA	NA	NA	NA	NA	NA	NA	NA	NA	NA	NA	NA	NA	NA	NA	NA	NA	NA	NA
criterion	pipelined_read_decode_zerocopy/d64_c65536	before	3	812.784651835248	NA	NA	NA	NA	NA	NA	NA	NA	NA	NA	NA	NA	NA	NA	NA	NA	NA	NA	NA	NA	NA
criterion	pipelined_read_decode_zerocopy/d64_c65536	after	1	803.7947597303762	NA	NA	NA	NA	NA	NA	NA	NA	NA	NA	NA	NA	NA	NA	NA	NA	NA	NA	NA	NA	NA
criterion	pipelined_read_decode_zerocopy/d64_c65536	after	2	728.5461517121116	NA	NA	NA	NA	NA	NA	NA	NA	NA	NA	NA	NA	NA	NA	NA	NA	NA	NA	NA	NA	NA
criterion	pipelined_read_decode_zerocopy/d64_c65536	after	3	920.690108628985	NA	NA	NA	NA	NA	NA	NA	NA	NA	NA	NA	NA	NA	NA	NA	NA	NA	NA	NA	NA	NA
criterion	pipelined_read_decode_zerocopy/d64_c8192	before	1	514.2607334254851	NA	NA	NA	NA	NA	NA	NA	NA	NA	NA	NA	NA	NA	NA	NA	NA	NA	NA	NA	NA	NA
criterion	pipelined_read_decode_zerocopy/d64_c8192	before	2	505.30011910497296	NA	NA	NA	NA	NA	NA	NA	NA	NA	NA	NA	NA	NA	NA	NA	NA	NA	NA	NA	NA	NA
criterion	pipelined_read_decode_zerocopy/d64_c8192	before	3	524.5685268504078	NA	NA	NA	NA	NA	NA	NA	NA	NA	NA	NA	NA	NA	NA	NA	NA	NA	NA	NA	NA	NA
criterion	pipelined_read_decode_zerocopy/d64_c8192	after	1	489.3010850712054	NA	NA	NA	NA	NA	NA	NA	NA	NA	NA	NA	NA	NA	NA	NA	NA	NA	NA	NA	NA	NA
criterion	pipelined_read_decode_zerocopy/d64_c8192	after	2	515.80330694649	NA	NA	NA	NA	NA	NA	NA	NA	NA	NA	NA	NA	NA	NA	NA	NA	NA	NA	NA	NA	NA
criterion	pipelined_read_decode_zerocopy/d64_c8192	after	3	644.9122756620704	NA	NA	NA	NA	NA	NA	NA	NA	NA	NA	NA	NA	NA	NA	NA	NA	NA	NA	NA	NA	NA
criterion	pipelined_read_decode_zerocopy/d8_c65536	before	1	127.97937198770151	NA	NA	NA	NA	NA	NA	NA	NA	NA	NA	NA	NA	NA	NA	NA	NA	NA	NA	NA	NA	NA
criterion	pipelined_read_decode_zerocopy/d8_c65536	before	2	127.78847954156083	NA	NA	NA	NA	NA	NA	NA	NA	NA	NA	NA	NA	NA	NA	NA	NA	NA	NA	NA	NA	NA
criterion	pipelined_read_decode_zerocopy/d8_c65536	before	3	143.3942343764258	NA	NA	NA	NA	NA	NA	NA	NA	NA	NA	NA	NA	NA	NA	NA	NA	NA	NA	NA	NA	NA
criterion	pipelined_read_decode_zerocopy/d8_c65536	after	1	123.29316603222537	NA	NA	NA	NA	NA	NA	NA	NA	NA	NA	NA	NA	NA	NA	NA	NA	NA	NA	NA	NA	NA
criterion	pipelined_read_decode_zerocopy/d8_c65536	after	2	102.283097416034	NA	NA	NA	NA	NA	NA	NA	NA	NA	NA	NA	NA	NA	NA	NA	NA	NA	NA	NA	NA	NA
criterion	pipelined_read_decode_zerocopy/d8_c65536	after	3	89.37515663954854	NA	NA	NA	NA	NA	NA	NA	NA	NA	NA	NA	NA	NA	NA	NA	NA	NA	NA	NA	NA	NA
criterion	pipelined_write_encode/d64_c1048576	before	1	1823660.4027777778	NA	NA	NA	NA	NA	NA	NA	NA	NA	NA	NA	NA	NA	NA	NA	NA	NA	NA	NA	NA	NA
criterion	pipelined_write_encode/d64_c1048576	before	2	1848227.0102925245	NA	NA	NA	NA	NA	NA	NA	NA	NA	NA	NA	NA	NA	NA	NA	NA	NA	NA	NA	NA	NA
criterion	pipelined_write_encode/d64_c1048576	before	3	1793148.8214285714	NA	NA	NA	NA	NA	NA	NA	NA	NA	NA	NA	NA	NA	NA	NA	NA	NA	NA	NA	NA	NA
criterion	pipelined_write_encode/d64_c1048576	after	1	1838487.5071428572	NA	NA	NA	NA	NA	NA	NA	NA	NA	NA	NA	NA	NA	NA	NA	NA	NA	NA	NA	NA	NA
criterion	pipelined_write_encode/d64_c1048576	after	2	1803830.8268398268	NA	NA	NA	NA	NA	NA	NA	NA	NA	NA	NA	NA	NA	NA	NA	NA	NA	NA	NA	NA	NA
criterion	pipelined_write_encode/d64_c1048576	after	3	1879705.104964539	NA	NA	NA	NA	NA	NA	NA	NA	NA	NA	NA	NA	NA	NA	NA	NA	NA	NA	NA	NA	NA
criterion	pipelined_write_encode/d64_c65536	before	1	141351.25534436287	NA	NA	NA	NA	NA	NA	NA	NA	NA	NA	NA	NA	NA	NA	NA	NA	NA	NA	NA	NA	NA
criterion	pipelined_write_encode/d64_c65536	before	2	148488.09775641025	NA	NA	NA	NA	NA	NA	NA	NA	NA	NA	NA	NA	NA	NA	NA	NA	NA	NA	NA	NA	NA
criterion	pipelined_write_encode/d64_c65536	before	3	140883.89200680272	NA	NA	NA	NA	NA	NA	NA	NA	NA	NA	NA	NA	NA	NA	NA	NA	NA	NA	NA	NA	NA
criterion	pipelined_write_encode/d64_c65536	after	1	139917.718349359	NA	NA	NA	NA	NA	NA	NA	NA	NA	NA	NA	NA	NA	NA	NA	NA	NA	NA	NA	NA	NA
criterion	pipelined_write_encode/d64_c65536	after	2	144449.90429463488	NA	NA	NA	NA	NA	NA	NA	NA	NA	NA	NA	NA	NA	NA	NA	NA	NA	NA	NA	NA	NA
criterion	pipelined_write_encode/d64_c65536	after	3	144558.62316017316	NA	NA	NA	NA	NA	NA	NA	NA	NA	NA	NA	NA	NA	NA	NA	NA	NA	NA	NA	NA	NA
criterion	pipelined_write_encode/d8_c65536	before	1	17410.680121541118	NA	NA	NA	NA	NA	NA	NA	NA	NA	NA	NA	NA	NA	NA	NA	NA	NA	NA	NA	NA	NA
criterion	pipelined_write_encode/d8_c65536	before	2	18104.339884555517	NA	NA	NA	NA	NA	NA	NA	NA	NA	NA	NA	NA	NA	NA	NA	NA	NA	NA	NA	NA	NA
criterion	pipelined_write_encode/d8_c65536	before	3	17428.625417740157	NA	NA	NA	NA	NA	NA	NA	NA	NA	NA	NA	NA	NA	NA	NA	NA	NA	NA	NA	NA	NA
criterion	pipelined_write_encode/d8_c65536	after	1	16966.813444800733	NA	NA	NA	NA	NA	NA	NA	NA	NA	NA	NA	NA	NA	NA	NA	NA	NA	NA	NA	NA	NA
criterion	pipelined_write_encode/d8_c65536	after	2	17073.844991789818	NA	NA	NA	NA	NA	NA	NA	NA	NA	NA	NA	NA	NA	NA	NA	NA	NA	NA	NA	NA	NA
criterion	pipelined_write_encode/d8_c65536	after	3	18133.747484178857	NA	NA	NA	NA	NA	NA	NA	NA	NA	NA	NA	NA	NA	NA	NA	NA	NA	NA	NA	NA	NA
criterion	pipelined_write_encode_coalesced/d64_c1048576	before	1	880646.154721177	NA	NA	NA	NA	NA	NA	NA	NA	NA	NA	NA	NA	NA	NA	NA	NA	NA	NA	NA	NA	NA
criterion	pipelined_write_encode_coalesced/d64_c1048576	before	2	905388.6323313783	NA	NA	NA	NA	NA	NA	NA	NA	NA	NA	NA	NA	NA	NA	NA	NA	NA	NA	NA	NA	NA
criterion	pipelined_write_encode_coalesced/d64_c1048576	before	3	877618.5160204319	NA	NA	NA	NA	NA	NA	NA	NA	NA	NA	NA	NA	NA	NA	NA	NA	NA	NA	NA	NA	NA
criterion	pipelined_write_encode_coalesced/d64_c1048576	after	1	878748.8595279721	NA	NA	NA	NA	NA	NA	NA	NA	NA	NA	NA	NA	NA	NA	NA	NA	NA	NA	NA	NA	NA
criterion	pipelined_write_encode_coalesced/d64_c1048576	after	2	875096.8903654485	NA	NA	NA	NA	NA	NA	NA	NA	NA	NA	NA	NA	NA	NA	NA	NA	NA	NA	NA	NA	NA
criterion	pipelined_write_encode_coalesced/d64_c1048576	after	3	915814.6143242123	NA	NA	NA	NA	NA	NA	NA	NA	NA	NA	NA	NA	NA	NA	NA	NA	NA	NA	NA	NA	NA
criterion	pipelined_write_encode_coalesced/d64_c65536	before	1	48153.48254399	NA	NA	NA	NA	NA	NA	NA	NA	NA	NA	NA	NA	NA	NA	NA	NA	NA	NA	NA	NA	NA
criterion	pipelined_write_encode_coalesced/d64_c65536	before	2	50485.557880277614	NA	NA	NA	NA	NA	NA	NA	NA	NA	NA	NA	NA	NA	NA	NA	NA	NA	NA	NA	NA	NA
criterion	pipelined_write_encode_coalesced/d64_c65536	before	3	48731.69401444789	NA	NA	NA	NA	NA	NA	NA	NA	NA	NA	NA	NA	NA	NA	NA	NA	NA	NA	NA	NA	NA
criterion	pipelined_write_encode_coalesced/d64_c65536	after	1	48019.56266352695	NA	NA	NA	NA	NA	NA	NA	NA	NA	NA	NA	NA	NA	NA	NA	NA	NA	NA	NA	NA	NA
criterion	pipelined_write_encode_coalesced/d64_c65536	after	2	47471.49819333892	NA	NA	NA	NA	NA	NA	NA	NA	NA	NA	NA	NA	NA	NA	NA	NA	NA	NA	NA	NA	NA
criterion	pipelined_write_encode_coalesced/d64_c65536	after	3	49470.771425024825	NA	NA	NA	NA	NA	NA	NA	NA	NA	NA	NA	NA	NA	NA	NA	NA	NA	NA	NA	NA	NA
criterion	pipelined_write_encode_coalesced/d8_c65536	before	1	6292.232163406214	NA	NA	NA	NA	NA	NA	NA	NA	NA	NA	NA	NA	NA	NA	NA	NA	NA	NA	NA	NA	NA
criterion	pipelined_write_encode_coalesced/d8_c65536	before	2	6381.918169831224	NA	NA	NA	NA	NA	NA	NA	NA	NA	NA	NA	NA	NA	NA	NA	NA	NA	NA	NA	NA	NA
criterion	pipelined_write_encode_coalesced/d8_c65536	before	3	6267.616926225417	NA	NA	NA	NA	NA	NA	NA	NA	NA	NA	NA	NA	NA	NA	NA	NA	NA	NA	NA	NA	NA
criterion	pipelined_write_encode_coalesced/d8_c65536	after	1	6261.80598215908	NA	NA	NA	NA	NA	NA	NA	NA	NA	NA	NA	NA	NA	NA	NA	NA	NA	NA	NA	NA	NA
criterion	pipelined_write_encode_coalesced/d8_c65536	after	2	6248.285885416666	NA	NA	NA	NA	NA	NA	NA	NA	NA	NA	NA	NA	NA	NA	NA	NA	NA	NA	NA	NA	NA
criterion	pipelined_write_encode_coalesced/d8_c65536	after	3	6276.719527953586	NA	NA	NA	NA	NA	NA	NA	NA	NA	NA	NA	NA	NA	NA	NA	NA	NA	NA	NA	NA	NA
criterion	range_resolve	before	1	0.969868931326417	NA	NA	NA	NA	NA	NA	NA	NA	NA	NA	NA	NA	NA	NA	NA	NA	NA	NA	NA	NA	NA
criterion	range_resolve	before	2	1.0728942344725714	NA	NA	NA	NA	NA	NA	NA	NA	NA	NA	NA	NA	NA	NA	NA	NA	NA	NA	NA	NA	NA
criterion	range_resolve	before	3	0.9754764780808141	NA	NA	NA	NA	NA	NA	NA	NA	NA	NA	NA	NA	NA	NA	NA	NA	NA	NA	NA	NA	NA
criterion	range_resolve	after	1	0.9691949661487702	NA	NA	NA	NA	NA	NA	NA	NA	NA	NA	NA	NA	NA	NA	NA	NA	NA	NA	NA	NA	NA
criterion	range_resolve	after	2	0.9618127292494516	NA	NA	NA	NA	NA	NA	NA	NA	NA	NA	NA	NA	NA	NA	NA	NA	NA	NA	NA	NA	NA
criterion	range_resolve	after	3	0.9955266002840685	NA	NA	NA	NA	NA	NA	NA	NA	NA	NA	NA	NA	NA	NA	NA	NA	NA	NA	NA	NA	NA
criterion	sha256/1024	before	1	428.130767992057	NA	NA	NA	NA	NA	NA	NA	NA	NA	NA	NA	NA	NA	NA	NA	NA	NA	NA	NA	NA	NA
criterion	sha256/1024	before	2	414.2557700279475	NA	NA	NA	NA	NA	NA	NA	NA	NA	NA	NA	NA	NA	NA	NA	NA	NA	NA	NA	NA	NA
criterion	sha256/1024	before	3	417.49959878555137	NA	NA	NA	NA	NA	NA	NA	NA	NA	NA	NA	NA	NA	NA	NA	NA	NA	NA	NA	NA	NA
criterion	sha256/1024	after	1	417.3364978201076	NA	NA	NA	NA	NA	NA	NA	NA	NA	NA	NA	NA	NA	NA	NA	NA	NA	NA	NA	NA	NA
criterion	sha256/1024	after	2	414.75555903538987	NA	NA	NA	NA	NA	NA	NA	NA	NA	NA	NA	NA	NA	NA	NA	NA	NA	NA	NA	NA	NA
criterion	sha256/1024	after	3	416.37573395925403	NA	NA	NA	NA	NA	NA	NA	NA	NA	NA	NA	NA	NA	NA	NA	NA	NA	NA	NA	NA	NA
criterion	sha256/64	before	1	76.49149359238645	NA	NA	NA	NA	NA	NA	NA	NA	NA	NA	NA	NA	NA	NA	NA	NA	NA	NA	NA	NA	NA
criterion	sha256/64	before	2	75.69194837368877	NA	NA	NA	NA	NA	NA	NA	NA	NA	NA	NA	NA	NA	NA	NA	NA	NA	NA	NA	NA	NA
criterion	sha256/64	before	3	74.9535082457343	NA	NA	NA	NA	NA	NA	NA	NA	NA	NA	NA	NA	NA	NA	NA	NA	NA	NA	NA	NA	NA
criterion	sha256/64	after	1	78.65752856628944	NA	NA	NA	NA	NA	NA	NA	NA	NA	NA	NA	NA	NA	NA	NA	NA	NA	NA	NA	NA	NA
criterion	sha256/64	after	2	78.76047406500803	NA	NA	NA	NA	NA	NA	NA	NA	NA	NA	NA	NA	NA	NA	NA	NA	NA	NA	NA	NA	NA
criterion	sha256/64	after	3	78.70150064816728	NA	NA	NA	NA	NA	NA	NA	NA	NA	NA	NA	NA	NA	NA	NA	NA	NA	NA	NA	NA	NA
criterion	sha256/65536	before	1	23381.70014516858	NA	NA	NA	NA	NA	NA	NA	NA	NA	NA	NA	NA	NA	NA	NA	NA	NA	NA	NA	NA	NA
criterion	sha256/65536	before	2	23580.515605875153	NA	NA	NA	NA	NA	NA	NA	NA	NA	NA	NA	NA	NA	NA	NA	NA	NA	NA	NA	NA	NA
criterion	sha256/65536	before	3	23064.3298788242	NA	NA	NA	NA	NA	NA	NA	NA	NA	NA	NA	NA	NA	NA	NA	NA	NA	NA	NA	NA	NA
criterion	sha256/65536	after	1	23130.805185993293	NA	NA	NA	NA	NA	NA	NA	NA	NA	NA	NA	NA	NA	NA	NA	NA	NA	NA	NA	NA	NA
criterion	sha256/65536	after	2	23017.591860465116	NA	NA	NA	NA	NA	NA	NA	NA	NA	NA	NA	NA	NA	NA	NA	NA	NA	NA	NA	NA	NA
criterion	sha256/65536	after	3	23055.795755750965	NA	NA	NA	NA	NA	NA	NA	NA	NA	NA	NA	NA	NA	NA	NA	NA	NA	NA	NA	NA	NA
criterion	sha512/1024	before	1	905.3384173297966	NA	NA	NA	NA	NA	NA	NA	NA	NA	NA	NA	NA	NA	NA	NA	NA	NA	NA	NA	NA	NA
criterion	sha512/1024	before	2	927.2144238798398	NA	NA	NA	NA	NA	NA	NA	NA	NA	NA	NA	NA	NA	NA	NA	NA	NA	NA	NA	NA	NA
criterion	sha512/1024	before	3	907.6196041975875	NA	NA	NA	NA	NA	NA	NA	NA	NA	NA	NA	NA	NA	NA	NA	NA	NA	NA	NA	NA	NA
criterion	sha512/1024	after	1	904.7791310412038	NA	NA	NA	NA	NA	NA	NA	NA	NA	NA	NA	NA	NA	NA	NA	NA	NA	NA	NA	NA	NA
criterion	sha512/1024	after	2	901.1010207170971	NA	NA	NA	NA	NA	NA	NA	NA	NA	NA	NA	NA	NA	NA	NA	NA	NA	NA	NA	NA	NA
criterion	sha512/1024	after	3	924.2039919490104	NA	NA	NA	NA	NA	NA	NA	NA	NA	NA	NA	NA	NA	NA	NA	NA	NA	NA	NA	NA	NA
criterion	sha512/64	before	1	227.92960175966658	NA	NA	NA	NA	NA	NA	NA	NA	NA	NA	NA	NA	NA	NA	NA	NA	NA	NA	NA	NA	NA
criterion	sha512/64	before	2	227.8158564539176	NA	NA	NA	NA	NA	NA	NA	NA	NA	NA	NA	NA	NA	NA	NA	NA	NA	NA	NA	NA	NA
criterion	sha512/64	before	3	228.63529378020138	NA	NA	NA	NA	NA	NA	NA	NA	NA	NA	NA	NA	NA	NA	NA	NA	NA	NA	NA	NA	NA
criterion	sha512/64	after	1	228.2021107376751	NA	NA	NA	NA	NA	NA	NA	NA	NA	NA	NA	NA	NA	NA	NA	NA	NA	NA	NA	NA	NA
criterion	sha512/64	after	2	228.20346458037295	NA	NA	NA	NA	NA	NA	NA	NA	NA	NA	NA	NA	NA	NA	NA	NA	NA	NA	NA	NA	NA
criterion	sha512/64	after	3	228.24629913010017	NA	NA	NA	NA	NA	NA	NA	NA	NA	NA	NA	NA	NA	NA	NA	NA	NA	NA	NA	NA	NA
criterion	sha512/65536	before	1	39627.94778963414	NA	NA	NA	NA	NA	NA	NA	NA	NA	NA	NA	NA	NA	NA	NA	NA	NA	NA	NA	NA	NA
criterion	sha512/65536	before	2	39685.2626342711	NA	NA	NA	NA	NA	NA	NA	NA	NA	NA	NA	NA	NA	NA	NA	NA	NA	NA	NA	NA	NA
criterion	sha512/65536	before	3	40300.80156628685	NA	NA	NA	NA	NA	NA	NA	NA	NA	NA	NA	NA	NA	NA	NA	NA	NA	NA	NA	NA	NA
criterion	sha512/65536	after	1	39596.22746884576	NA	NA	NA	NA	NA	NA	NA	NA	NA	NA	NA	NA	NA	NA	NA	NA	NA	NA	NA	NA	NA
criterion	sha512/65536	after	2	39473.05203846154	NA	NA	NA	NA	NA	NA	NA	NA	NA	NA	NA	NA	NA	NA	NA	NA	NA	NA	NA	NA	NA
criterion	sha512/65536	after	3	39742.3875	NA	NA	NA	NA	NA	NA	NA	NA	NA	NA	NA	NA	NA	NA	NA	NA	NA	NA	NA	NA	NA
criterion	xml_element_escape_heavy	before	1	50.95677246498311	NA	NA	NA	NA	NA	NA	NA	NA	NA	NA	NA	NA	NA	NA	NA	NA	NA	NA	NA	NA	NA
criterion	xml_element_escape_heavy	before	2	1708.4944328276615	NA	NA	NA	NA	NA	NA	NA	NA	NA	NA	NA	NA	NA	NA	NA	NA	NA	NA	NA	NA	NA
criterion	xml_element_escape_heavy	before	3	50.68808259763182	NA	NA	NA	NA	NA	NA	NA	NA	NA	NA	NA	NA	NA	NA	NA	NA	NA	NA	NA	NA	NA
criterion	xml_element_escape_heavy	after	1	50.85104449426497	NA	NA	NA	NA	NA	NA	NA	NA	NA	NA	NA	NA	NA	NA	NA	NA	NA	NA	NA	NA	NA
criterion	xml_element_escape_heavy	after	2	50.6933164232065	NA	NA	NA	NA	NA	NA	NA	NA	NA	NA	NA	NA	NA	NA	NA	NA	NA	NA	NA	NA	NA
criterion	xml_element_escape_heavy	after	3	52.77225327333346	NA	NA	NA	NA	NA	NA	NA	NA	NA	NA	NA	NA	NA	NA	NA	NA	NA	NA	NA	NA	NA
criterion	xml_list_100_objects	before	1	35291.65714285715	NA	NA	NA	NA	NA	NA	NA	NA	NA	NA	NA	NA	NA	NA	NA	NA	NA	NA	NA	NA	NA
criterion	xml_list_100_objects	before	2	35131.97282608696	NA	NA	NA	NA	NA	NA	NA	NA	NA	NA	NA	NA	NA	NA	NA	NA	NA	NA	NA	NA	NA
criterion	xml_list_100_objects	before	3	35111.40693778152	NA	NA	NA	NA	NA	NA	NA	NA	NA	NA	NA	NA	NA	NA	NA	NA	NA	NA	NA	NA	NA
criterion	xml_list_100_objects	after	1	35165.708389620624	NA	NA	NA	NA	NA	NA	NA	NA	NA	NA	NA	NA	NA	NA	NA	NA	NA	NA	NA	NA	NA
criterion	xml_list_100_objects	after	2	35098.32622559894	NA	NA	NA	NA	NA	NA	NA	NA	NA	NA	NA	NA	NA	NA	NA	NA	NA	NA	NA	NA	NA
criterion	xml_list_100_objects	after	3	35596.04951298701	NA	NA	NA	NA	NA	NA	NA	NA	NA	NA	NA	NA	NA	NA	NA	NA	NA	NA	NA	NA	NA
sustained-writeback	writeback/c32/get	before	1	NA	11109.41	6342.02	1439.0	6358.0	20780.0	5937.0	NA	NA	NA	NA	NA	NA	NA	NA	NA	0	0	{}	16384	16384	"{""200"": 16384}"
sustained-writeback	writeback/c32/get	before	2	NA	6824.02	3895.62	1007.0	6743.0	18392.0	6506.0	NA	NA	NA	NA	NA	NA	NA	NA	NA	0	0	{}	16384	16384	"{""200"": 16384}"
sustained-writeback	writeback/c32/get	before	3	NA	11927.22	6808.89	1259.0	6252.0	15480.0	5948.0	NA	NA	NA	NA	NA	NA	NA	NA	NA	0	0	{}	16384	16384	"{""200"": 16384}"
sustained-writeback	writeback/c32/get	after	1	NA	5323.02	3038.75	1019.0	8599.0	35476.0	8348.0	NA	NA	NA	NA	NA	NA	NA	NA	NA	0	0	{}	16384	16384	"{""200"": 16384}"
sustained-writeback	writeback/c32/get	after	2	NA	5236.77	2989.51	1120.0	9257.0	39776.0	9118.0	NA	NA	NA	NA	NA	NA	NA	NA	NA	0	0	{}	16384	16384	"{""200"": 16384}"
sustained-writeback	writeback/c32/get	after	3	NA	6480.61	3699.58	1231.0	7767.0	24555.0	7544.0	NA	NA	NA	NA	NA	NA	NA	NA	NA	0	0	{}	16384	16384	"{""200"": 16384}"
sustained-writeback	writeback/c32/head-hit	before	1	NA	12088.73	0.0	46.0	7005.0	21467.0	7005.0	NA	NA	NA	NA	NA	NA	NA	NA	NA	0	0	{}	16384	16384	"{""200"": 16384}"
sustained-writeback	writeback/c32/head-hit	before	2	NA	12245.68	0.0	64.0	6924.0	15553.0	6924.0	NA	NA	NA	NA	NA	NA	NA	NA	NA	0	0	{}	16384	16384	"{""200"": 16384}"
sustained-writeback	writeback/c32/head-hit	before	3	NA	13322.85	0.0	58.0	6641.0	15960.0	6640.0	NA	NA	NA	NA	NA	NA	NA	NA	NA	0	0	{}	16384	16384	"{""200"": 16384}"
sustained-writeback	writeback/c32/head-hit	after	1	NA	10561.1	0.0	70.0	7759.0	19639.0	7758.0	NA	NA	NA	NA	NA	NA	NA	NA	NA	0	0	{}	16384	16384	"{""200"": 16384}"
sustained-writeback	writeback/c32/head-hit	after	2	NA	9738.32	0.0	900.0	8254.0	17223.0	8253.0	NA	NA	NA	NA	NA	NA	NA	NA	NA	0	0	{}	16384	16384	"{""200"": 16384}"
sustained-writeback	writeback/c32/head-hit	after	3	NA	10237.66	0.0	177.0	7735.0	19118.0	7733.0	NA	NA	NA	NA	NA	NA	NA	NA	NA	0	0	{}	16384	16384	"{""200"": 16384}"
sustained-writeback	writeback/c32/head-miss	before	1	NA	6369.93	0.0	4769.0	6506.0	16467.0	6505.0	NA	NA	NA	NA	NA	NA	NA	NA	NA	0	0	{}	16384	16384	"{""404"": 16384}"
sustained-writeback	writeback/c32/head-miss	before	2	NA	6363.26	0.0	4612.0	7565.0	18282.0	7557.0	NA	NA	NA	NA	NA	NA	NA	NA	NA	0	0	{}	16384	16384	"{""404"": 16384}"
sustained-writeback	writeback/c32/head-miss	before	3	NA	5904.25	0.0	5005.0	7611.0	18769.0	7610.0	NA	NA	NA	NA	NA	NA	NA	NA	NA	0	0	{}	16384	16384	"{""404"": 16384}"
sustained-writeback	writeback/c32/head-miss	after	1	NA	6628.83	0.0	4621.0	6938.0	17956.0	6938.0	NA	NA	NA	NA	NA	NA	NA	NA	NA	0	0	{}	16384	16384	"{""404"": 16384}"
sustained-writeback	writeback/c32/head-miss	after	2	NA	6308.89	0.0	4629.0	7570.0	20021.0	7570.0	NA	NA	NA	NA	NA	NA	NA	NA	NA	0	0	{}	16384	16384	"{""404"": 16384}"
sustained-writeback	writeback/c32/head-miss	after	3	NA	5442.42	0.0	4771.0	8097.0	39830.0	8091.0	NA	NA	NA	NA	NA	NA	NA	NA	NA	0	0	{}	16384	16384	"{""404"": 16384}"
sustained-writeback	writeback/c32/mixed	before	1	NA	4989.1	2279.88	756.0	14621.0	93841.0	14253.0	NA	NA	NA	NA	NA	NA	NA	NA	NA	0	0	{}	16384	16384	"{""200"": 13108, ""404"": 3276}"
sustained-writeback	writeback/c32/mixed	before	2	NA	4122.39	1883.82	695.0	9893.0	85858.0	9798.0	NA	NA	NA	NA	NA	NA	NA	NA	NA	0	0	{}	16384	16384	"{""200"": 13108, ""404"": 3276}"
sustained-writeback	writeback/c32/mixed	before	3	NA	4227.7	1931.94	423.0	10357.0	80440.0	10207.0	NA	NA	NA	NA	NA	NA	NA	NA	NA	0	0	{}	16384	16384	"{""200"": 13108, ""404"": 3276}"
sustained-writeback	writeback/c32/mixed	after	1	NA	2848.47	1301.67	747.0	16812.0	187673.0	16647.0	NA	NA	NA	NA	NA	NA	NA	NA	NA	0	0	{}	16384	16384	"{""200"": 13108, ""404"": 3276}"
sustained-writeback	writeback/c32/mixed	after	2	NA	2745.95	1254.83	1158.0	18849.0	169987.0	18708.0	NA	NA	NA	NA	NA	NA	NA	NA	NA	0	0	{}	16384	16384	"{""200"": 13108, ""404"": 3276}"
sustained-writeback	writeback/c32/mixed	after	3	NA	2905.55	1327.76	1053.0	17205.0	163886.0	16998.0	NA	NA	NA	NA	NA	NA	NA	NA	NA	0	0	{}	16384	16384	"{""200"": 13108, ""404"": 3276}"
sustained-writeback	writeback/c32/put	before	1	NA	322.6	184.16	84.0	284080.0	1531386.0	284078.0	NA	NA	NA	NA	NA	NA	NA	NA	NA	0	0	{}	16384	16384	"{""200"": 16384}"
sustained-writeback	writeback/c32/put	before	2	NA	312.39	178.33	81.0	353235.0	1480772.0	353234.0	NA	NA	NA	NA	NA	NA	NA	NA	NA	0	0	{}	16384	16384	"{""200"": 16384}"
sustained-writeback	writeback/c32/put	before	3	NA	311.33	177.73	94.0	355154.0	1510272.0	355153.0	NA	NA	NA	NA	NA	NA	NA	NA	NA	0	0	{}	16384	16384	"{""200"": 16384}"
sustained-writeback	writeback/c32/put	after	1	NA	327.69	187.07	94.0	275677.0	1434389.0	275674.0	NA	NA	NA	NA	NA	NA	NA	NA	NA	0	0	{}	16384	16384	"{""200"": 16384}"
sustained-writeback	writeback/c32/put	after	2	NA	319.0	182.11	87.0	323662.0	1309812.0	323659.0	NA	NA	NA	NA	NA	NA	NA	NA	NA	0	0	{}	16384	16384	"{""200"": 16384}"
sustained-writeback	writeback/c32/put	after	3	NA	319.8	182.56	98.0	313765.0	1400162.0	313761.0	NA	NA	NA	NA	NA	NA	NA	NA	NA	0	0	{}	16384	16384	"{""200"": 16384}"
sustained-writeback	writeback/c8/get	before	1	NA	4711.56	2689.68	699.0	2672.0	17403.0	2413.0	NA	NA	NA	NA	NA	NA	NA	NA	NA	0	0	{}	4096	4096	"{""200"": 4096}"
sustained-writeback	writeback/c8/get	before	2	NA	6486.16	3702.75	667.0	2432.0	9191.0	2222.0	NA	NA	NA	NA	NA	NA	NA	NA	NA	0	0	{}	4096	4096	"{""200"": 4096}"
sustained-writeback	writeback/c8/get	before	3	NA	5415.55	3091.57	686.0	2279.0	19648.0	2079.0	NA	NA	NA	NA	NA	NA	NA	NA	NA	0	0	{}	4096	4096	"{""200"": 4096}"
sustained-writeback	writeback/c8/get	after	1	NA	1584.72	904.67	689.0	5205.0	76405.0	4973.0	NA	NA	NA	NA	NA	NA	NA	NA	NA	0	0	{}	4096	4096	"{""200"": 4096}"
sustained-writeback	writeback/c8/get	after	2	NA	1352.36	772.02	745.0	9695.0	82067.0	9413.0	NA	NA	NA	NA	NA	NA	NA	NA	NA	0	0	{}	4096	4096	"{""200"": 4096}"
sustained-writeback	writeback/c8/get	after	3	NA	1423.3	812.52	742.0	9220.0	84827.0	9106.0	NA	NA	NA	NA	NA	NA	NA	NA	NA	0	0	{}	4096	4096	"{""200"": 4096}"
sustained-writeback	writeback/c8/head-hit	before	1	NA	9323.4	0.0	621.0	1966.0	6562.0	1965.0	NA	NA	NA	NA	NA	NA	NA	NA	NA	0	0	{}	4096	4096	"{""200"": 4096}"
sustained-writeback	writeback/c8/head-hit	before	2	NA	7419.8	0.0	574.0	1917.0	19044.0	1916.0	NA	NA	NA	NA	NA	NA	NA	NA	NA	0	0	{}	4096	4096	"{""200"": 4096}"
sustained-writeback	writeback/c8/head-hit	before	3	NA	10808.74	0.0	579.0	1643.0	5201.0	1638.0	NA	NA	NA	NA	NA	NA	NA	NA	NA	0	0	{}	4096	4096	"{""200"": 4096}"
sustained-writeback	writeback/c8/head-hit	after	1	NA	11063.6	0.0	583.0	1618.0	5658.0	1617.0	NA	NA	NA	NA	NA	NA	NA	NA	NA	0	0	{}	4096	4096	"{""200"": 4096}"
sustained-writeback	writeback/c8/head-hit	after	2	NA	10761.93	0.0	581.0	1703.0	5714.0	1701.0	NA	NA	NA	NA	NA	NA	NA	NA	NA	0	0	{}	4096	4096	"{""200"": 4096}"
sustained-writeback	writeback/c8/head-hit	after	3	NA	10669.46	0.0	607.0	1675.0	6069.0	1670.0	NA	NA	NA	NA	NA	NA	NA	NA	NA	0	0	{}	4096	4096	"{""200"": 4096}"
sustained-writeback	writeback/c8/head-miss	before	1	NA	9202.53	0.0	509.0	1265.0	6662.0	1264.0	NA	NA	NA	NA	NA	NA	NA	NA	NA	0	0	{}	4096	4096	"{""404"": 4096}"
sustained-writeback	writeback/c8/head-miss	before	2	NA	9660.42	0.0	478.0	1165.0	6211.0	1165.0	NA	NA	NA	NA	NA	NA	NA	NA	NA	0	0	{}	4096	4096	"{""404"": 4096}"
sustained-writeback	writeback/c8/head-miss	before	3	NA	10777.69	0.0	479.0	1151.0	3461.0	1151.0	NA	NA	NA	NA	NA	NA	NA	NA	NA	0	0	{}	4096	4096	"{""404"": 4096}"
sustained-writeback	writeback/c8/head-miss	after	1	NA	10578.58	0.0	485.0	1267.0	3809.0	1266.0	NA	NA	NA	NA	NA	NA	NA	NA	NA	0	0	{}	4096	4096	"{""404"": 4096}"
sustained-writeback	writeback/c8/head-miss	after	2	NA	11059.51	0.0	565.0	1160.0	3083.0	1159.0	NA	NA	NA	NA	NA	NA	NA	NA	NA	0	0	{}	4096	4096	"{""404"": 4096}"
sustained-writeback	writeback/c8/head-miss	after	3	NA	10120.15	0.0	538.0	1100.0	4891.0	1097.0	NA	NA	NA	NA	NA	NA	NA	NA	NA	0	0	{}	4096	4096	"{""404"": 4096}"
sustained-writeback	writeback/c8/mixed	before	1	NA	3067.35	1433.39	688.0	3466.0	39830.0	3247.0	NA	NA	NA	NA	NA	NA	NA	NA	NA	0	0	{}	4096	4096	"{""200"": 3278, ""404"": 818}"
sustained-writeback	writeback/c8/mixed	before	2	NA	2629.19	1228.63	766.0	4752.0	40157.0	4627.0	NA	NA	NA	NA	NA	NA	NA	NA	NA	0	0	{}	4096	4096	"{""200"": 3278, ""404"": 818}"
sustained-writeback	writeback/c8/mixed	before	3	NA	2819.27	1317.46	722.0	4329.0	36676.0	4286.0	NA	NA	NA	NA	NA	NA	NA	NA	NA	0	0	{}	4096	4096	"{""200"": 3278, ""404"": 818}"
sustained-writeback	writeback/c8/mixed	after	1	NA	3597.47	1681.11	683.0	3187.0	30476.0	3030.0	NA	NA	NA	NA	NA	NA	NA	NA	NA	0	0	{}	4096	4096	"{""200"": 3278, ""404"": 818}"
sustained-writeback	writeback/c8/mixed	after	2	NA	3648.98	1705.18	719.0	3089.0	29280.0	2977.0	NA	NA	NA	NA	NA	NA	NA	NA	NA	0	0	{}	4096	4096	"{""200"": 3278, ""404"": 818}"
sustained-writeback	writeback/c8/mixed	after	3	NA	3326.95	1554.7	696.0	3685.0	32852.0	3586.0	NA	NA	NA	NA	NA	NA	NA	NA	NA	0	0	{}	4096	4096	"{""200"": 3278, ""404"": 818}"
sustained-writeback	writeback/c8/put	before	1	NA	330.73	188.8	215.0	93806.0	358403.0	93803.0	NA	NA	NA	NA	NA	NA	NA	NA	NA	0	0	{}	4096	4096	"{""200"": 4096}"
sustained-writeback	writeback/c8/put	before	2	NA	306.61	175.03	210.0	86926.0	381973.0	86924.0	NA	NA	NA	NA	NA	NA	NA	NA	NA	0	0	{}	4096	4096	"{""200"": 4096}"
sustained-writeback	writeback/c8/put	before	3	NA	309.38	176.62	232.0	82570.0	386094.0	82568.0	NA	NA	NA	NA	NA	NA	NA	NA	NA	0	0	{}	4096	4096	"{""200"": 4096}"
sustained-writeback	writeback/c8/put	after	1	NA	324.37	185.17	233.0	108097.0	287199.0	108095.0	NA	NA	NA	NA	NA	NA	NA	NA	NA	0	0	{}	4096	4096	"{""200"": 4096}"
sustained-writeback	writeback/c8/put	after	2	NA	307.21	175.38	232.0	112306.0	282159.0	112304.0	NA	NA	NA	NA	NA	NA	NA	NA	NA	0	0	{}	4096	4096	"{""200"": 4096}"
sustained-writeback	writeback/c8/put	after	3	NA	302.74	172.83	237.0	109181.0	304502.0	109179.0	NA	NA	NA	NA	NA	NA	NA	NA	NA	0	0	{}	4096	4096	"{""200"": 4096}"
synthetic	cached/c1/get	before	1	NA	825.25	494.66	850.0	1737.0	8276.0	1275.0	NA	NA	NA	NA	NA	NA	NA	NA	NA	0	0	{}	512	512	"{""200"": 512}"
synthetic	cached/c1/get	before	2	NA	1219.96	731.26	610.0	1067.0	4589.0	898.0	NA	NA	NA	NA	NA	NA	NA	NA	NA	0	0	{}	512	512	"{""200"": 512}"
synthetic	cached/c1/get	before	3	NA	1455.77	872.6	594.0	869.0	2773.0	658.0	NA	NA	NA	NA	NA	NA	NA	NA	NA	0	0	{}	512	512	"{""200"": 512}"
synthetic	cached/c1/get	after	1	NA	1368.86	820.51	605.0	952.0	3324.0	655.0	NA	NA	NA	NA	NA	NA	NA	NA	NA	0	0	{}	512	512	"{""200"": 512}"
synthetic	cached/c1/get	after	2	NA	1413.15	847.06	602.0	836.0	2542.0	662.0	NA	NA	NA	NA	NA	NA	NA	NA	NA	0	0	{}	512	512	"{""200"": 512}"
synthetic	cached/c1/get	after	3	NA	1402.26	840.53	600.0	886.0	2986.0	697.0	NA	NA	NA	NA	NA	NA	NA	NA	NA	0	0	{}	512	512	"{""200"": 512}"
synthetic	cached/c1/head-hit	before	1	NA	1233.23	0.0	731.0	866.0	2846.0	865.0	NA	NA	NA	NA	NA	NA	NA	NA	NA	0	0	{}	512	512	"{""200"": 512}"
synthetic	cached/c1/head-hit	before	2	NA	1309.17	0.0	730.0	812.0	1517.0	811.0	NA	NA	NA	NA	NA	NA	NA	NA	NA	0	0	{}	512	512	"{""200"": 512}"
synthetic	cached/c1/head-hit	before	3	NA	1415.69	0.0	659.0	751.0	1367.0	751.0	NA	NA	NA	NA	NA	NA	NA	NA	NA	0	0	{}	512	512	"{""200"": 512}"
synthetic	cached/c1/head-hit	after	1	NA	1187.21	0.0	752.0	924.0	3147.0	923.0	NA	NA	NA	NA	NA	NA	NA	NA	NA	0	0	{}	512	512	"{""200"": 512}"
synthetic	cached/c1/head-hit	after	2	NA	1310.02	0.0	743.0	843.0	1125.0	842.0	NA	NA	NA	NA	NA	NA	NA	NA	NA	0	0	{}	512	512	"{""200"": 512}"
synthetic	cached/c1/head-hit	after	3	NA	1114.2	0.0	792.0	1063.0	3852.0	1052.0	NA	NA	NA	NA	NA	NA	NA	NA	NA	0	0	{}	512	512	"{""200"": 512}"
synthetic	cached/c1/head-miss	before	1	NA	1634.76	0.0	521.0	621.0	3151.0	621.0	NA	NA	NA	NA	NA	NA	NA	NA	NA	0	0	{}	512	512	"{""404"": 512}"
synthetic	cached/c1/head-miss	before	2	NA	1898.71	0.0	490.0	588.0	1239.0	587.0	NA	NA	NA	NA	NA	NA	NA	NA	NA	0	0	{}	512	512	"{""404"": 512}"
synthetic	cached/c1/head-miss	before	3	NA	2387.98	0.0	345.0	463.0	1947.0	462.0	NA	NA	NA	NA	NA	NA	NA	NA	NA	0	0	{}	512	512	"{""404"": 512}"
synthetic	cached/c1/head-miss	after	1	NA	1877.2	0.0	521.0	600.0	1094.0	598.0	NA	NA	NA	NA	NA	NA	NA	NA	NA	0	0	{}	512	512	"{""404"": 512}"
synthetic	cached/c1/head-miss	after	2	NA	1685.4	0.0	485.0	636.0	3780.0	635.0	NA	NA	NA	NA	NA	NA	NA	NA	NA	0	0	{}	512	512	"{""404"": 512}"
synthetic	cached/c1/head-miss	after	3	NA	1178.42	0.0	661.0	1173.0	3083.0	1159.0	NA	NA	NA	NA	NA	NA	NA	NA	NA	0	0	{}	512	512	"{""404"": 512}"
synthetic	cached/c1/mixed	before	1	NA	466.56	224.72	744.0	2141.0	23457.0	1716.0	NA	NA	NA	NA	NA	NA	NA	NA	NA	0	0	{}	512	512	"{""200"": 410, ""404"": 102}"
synthetic	cached/c1/mixed	before	2	NA	452.53	217.96	780.0	2629.0	22311.0	2005.0	NA	NA	NA	NA	NA	NA	NA	NA	NA	0	0	{}	512	512	"{""200"": 410, ""404"": 102}"
synthetic	cached/c1/mixed	before	3	NA	513.65	247.4	648.0	2033.0	22039.0	1942.0	NA	NA	NA	NA	NA	NA	NA	NA	NA	0	0	{}	512	512	"{""200"": 410, ""404"": 102}"
synthetic	cached/c1/mixed	after	1	NA	451.14	217.29	730.0	4128.0	23291.0	3738.0	NA	NA	NA	NA	NA	NA	NA	NA	NA	0	0	{}	512	512	"{""200"": 410, ""404"": 102}"
synthetic	cached/c1/mixed	after	2	NA	439.76	211.81	746.0	4310.0	31609.0	3844.0	NA	NA	NA	NA	NA	NA	NA	NA	NA	0	0	{}	512	512	"{""200"": 410, ""404"": 102}"
synthetic	cached/c1/mixed	after	3	NA	366.79	176.66	880.0	4930.0	34728.0	4708.0	NA	NA	NA	NA	NA	NA	NA	NA	NA	0	0	{}	512	512	"{""200"": 410, ""404"": 102}"
synthetic	cached/c1/put	before	1	NA	72.96	43.73	3932.0	22774.0	246487.0	22770.0	NA	NA	NA	NA	NA	NA	NA	NA	NA	0	0	{}	512	512	"{""200"": 512}"
synthetic	cached/c1/put	before	2	NA	72.19	43.27	3896.0	23113.0	247223.0	23110.0	NA	NA	NA	NA	NA	NA	NA	NA	NA	0	0	{}	512	512	"{""200"": 512}"
synthetic	cached/c1/put	before	3	NA	70.13	42.04	3990.0	24058.0	246149.0	24055.0	NA	NA	NA	NA	NA	NA	NA	NA	NA	0	0	{}	512	512	"{""200"": 512}"
synthetic	cached/c1/put	after	1	NA	64.7	38.78	6325.0	23567.0	247998.0	23566.0	NA	NA	NA	NA	NA	NA	NA	NA	NA	0	0	{}	512	512	"{""200"": 512}"
synthetic	cached/c1/put	after	2	NA	66.1	39.62	6172.0	22605.0	248108.0	22602.0	NA	NA	NA	NA	NA	NA	NA	NA	NA	0	0	{}	512	512	"{""200"": 512}"
synthetic	cached/c1/put	after	3	NA	61.86	37.08	6974.0	24659.0	271422.0	24655.0	NA	NA	NA	NA	NA	NA	NA	NA	NA	0	0	{}	512	512	"{""200"": 512}"
synthetic	cached/c128/get	before	1	NA	6180.07	3704.4	19758.0	27636.0	34982.0	27550.0	NA	NA	NA	NA	NA	NA	NA	NA	NA	0	0	{}	3072	3072	"{""200"": 3072}"
synthetic	cached/c128/get	before	2	NA	5983.49	3586.57	20258.0	31164.0	43408.0	31116.0	NA	NA	NA	NA	NA	NA	NA	NA	NA	0	0	{}	3072	3072	"{""200"": 3072}"
synthetic	cached/c128/get	before	3	NA	6150.62	3686.75	19250.0	28119.0	37332.0	27955.0	NA	NA	NA	NA	NA	NA	NA	NA	NA	0	1	{}	3072	3072	"{""200"": 3072}"
synthetic	cached/c128/get	after	1	NA	6011.42	3603.31	20223.0	28975.0	44586.0	28892.0	NA	NA	NA	NA	NA	NA	NA	NA	NA	0	0	{}	3072	3072	"{""200"": 3072}"
synthetic	cached/c128/get	after	2	NA	6034.37	3617.07	20234.0	27963.0	36685.0	27872.0	NA	NA	NA	NA	NA	NA	NA	NA	NA	0	0	{}	3072	3072	"{""200"": 3072}"
synthetic	cached/c128/get	after	3	NA	6314.52	3784.99	18132.0	28789.0	39189.0	28621.0	NA	NA	NA	NA	NA	NA	NA	NA	NA	0	0	{}	3072	3072	"{""200"": 3072}"
synthetic	cached/c128/head-hit	before	1	NA	6118.77	0.0	20166.0	29327.0	36019.0	29326.0	NA	NA	NA	NA	NA	NA	NA	NA	NA	0	0	{}	3072	3072	"{""200"": 3072}"
synthetic	cached/c128/head-hit	before	2	NA	6208.26	0.0	19396.0	27691.0	33512.0	27684.0	NA	NA	NA	NA	NA	NA	NA	NA	NA	0	0	{}	3072	3072	"{""200"": 3072}"
synthetic	cached/c128/head-hit	before	3	NA	5518.67	0.0	20498.0	32668.0	73711.0	32667.0	NA	NA	NA	NA	NA	NA	NA	NA	NA	0	1	{}	3072	3072	"{""200"": 3072}"
synthetic	cached/c128/head-hit	after	1	NA	6235.24	0.0	20176.0	27101.0	33382.0	27064.0	NA	NA	NA	NA	NA	NA	NA	NA	NA	0	0	{}	3072	3072	"{""200"": 3072}"
synthetic	cached/c128/head-hit	after	2	NA	5992.73	0.0	19553.0	28853.0	37248.0	28848.0	NA	NA	NA	NA	NA	NA	NA	NA	NA	0	0	{}	3072	3072	"{""200"": 3072}"
synthetic	cached/c128/head-hit	after	3	NA	6214.81	0.0	19570.0	29681.0	37611.0	29636.0	NA	NA	NA	NA	NA	NA	NA	NA	NA	0	0	{}	3072	3072	"{""200"": 3072}"
synthetic	cached/c128/head-miss	before	1	NA	6844.29	0.0	19351.0	22511.0	27102.0	22467.0	NA	NA	NA	NA	NA	NA	NA	NA	NA	0	0	{}	3072	3072	"{""404"": 3072}"
synthetic	cached/c128/head-miss	before	2	NA	6755.2	0.0	19018.0	22558.0	27194.0	22538.0	NA	NA	NA	NA	NA	NA	NA	NA	NA	0	0	{}	3072	3072	"{""404"": 3072}"
synthetic	cached/c128/head-miss	before	3	NA	6697.4	0.0	19628.0	22965.0	27522.0	22949.0	NA	NA	NA	NA	NA	NA	NA	NA	NA	0	1	{}	3072	3072	"{""404"": 3072}"
synthetic	cached/c128/head-miss	after	1	NA	6386.71	0.0	19737.0	23716.0	30729.0	23711.0	NA	NA	NA	NA	NA	NA	NA	NA	NA	0	0	{}	3072	3072	"{""404"": 3072}"
synthetic	cached/c128/head-miss	after	2	NA	6731.39	0.0	19225.0	23185.0	30486.0	23184.0	NA	NA	NA	NA	NA	NA	NA	NA	NA	0	0	{}	3072	3072	"{""404"": 3072}"
synthetic	cached/c128/head-miss	after	3	NA	7013.62	0.0	18607.0	23027.0	31766.0	22978.0	NA	NA	NA	NA	NA	NA	NA	NA	NA	0	0	{}	3072	3072	"{""404"": 3072}"
synthetic	cached/c128/mixed	before	1	NA	1303.52	625.57	34864.0	188423.0	802450.0	174206.0	NA	NA	NA	NA	NA	NA	NA	NA	NA	0	0	{}	3072	3072	"{""200"": 2458, ""404"": 614}"
synthetic	cached/c128/mixed	before	2	NA	1358.01	651.72	34683.0	194087.0	805335.0	163212.0	NA	NA	NA	NA	NA	NA	NA	NA	NA	0	0	{}	3072	3072	"{""200"": 2458, ""404"": 614}"
synthetic	cached/c128/mixed	before	3	NA	1176.69	564.5	36555.0	212178.0	853806.0	184674.0	NA	NA	NA	NA	NA	NA	NA	NA	NA	1	1	"{""GET-hit status 404"": 1}"	3072	3071	"{""200"": 2457, ""404"": 615}"
synthetic	cached/c128/mixed	after	1	NA	1083.13	519.8	38092.0	275719.0	916788.0	248560.0	NA	NA	NA	NA	NA	NA	NA	NA	NA	0	0	{}	3072	3072	"{""200"": 2458, ""404"": 614}"
synthetic	cached/c128/mixed	after	2	NA	1059.55	508.48	34812.0	279916.0	1025652.0	252050.0	NA	NA	NA	NA	NA	NA	NA	NA	NA	0	0	{}	3072	3072	"{""200"": 2458, ""404"": 614}"
synthetic	cached/c128/mixed	after	3	NA	1059.98	508.69	38980.0	288494.0	826593.0	259196.0	NA	NA	NA	NA	NA	NA	NA	NA	NA	0	0	{}	3072	3072	"{""200"": 2458, ""404"": 614}"
synthetic	cached/c128/put	before	1	NA	183.53	110.01	296073.0	1639096.0	4215452.0	1639094.0	NA	NA	NA	NA	NA	NA	NA	NA	NA	0	0	{}	3072	3072	"{""200"": 3072}"
synthetic	cached/c128/put	before	2	NA	182.08	109.14	294719.0	1633601.0	4255972.0	1633598.0	NA	NA	NA	NA	NA	NA	NA	NA	NA	0	0	{}	3072	3072	"{""200"": 3072}"
synthetic	cached/c128/put	before	3	NA	170.25	102.05	339291.0	1687395.0	3990397.0	1687391.0	NA	NA	NA	NA	NA	NA	NA	NA	NA	0	1	{}	3072	3072	"{""200"": 3072}"
synthetic	cached/c128/put	after	1	NA	178.62	107.07	521454.0	1096831.0	2958645.0	1096829.0	NA	NA	NA	NA	NA	NA	NA	NA	NA	0	0	{}	3072	3072	"{""200"": 3072}"
synthetic	cached/c128/put	after	2	NA	178.72	107.13	527726.0	1148341.0	2958163.0	1148339.0	NA	NA	NA	NA	NA	NA	NA	NA	NA	0	0	{}	3072	3072	"{""200"": 3072}"
synthetic	cached/c128/put	after	3	NA	176.19	105.61	511578.0	1053743.0	2665008.0	1053741.0	NA	NA	NA	NA	NA	NA	NA	NA	NA	0	0	{}	3072	3072	"{""200"": 3072}"
synthetic	cached/c256/get	before	1	NA	5774.98	3461.58	42807.0	59320.0	74533.0	58439.0	NA	NA	NA	NA	NA	NA	NA	NA	NA	0	1	{}	6144	6144	"{""200"": 6144}"
synthetic	cached/c256/get	before	2	NA	4795.39	2874.41	42911.0	72064.0	261286.0	71493.0	NA	NA	NA	NA	NA	NA	NA	NA	NA	0	1	{}	6144	6144	"{""200"": 6144}"
synthetic	cached/c256/get	before	3	NA	6012.9	3604.2	38176.0	64708.0	76859.0	64221.0	NA	NA	NA	NA	NA	NA	NA	NA	NA	0	1	{}	6144	6144	"{""200"": 6144}"
synthetic	cached/c256/get	after	1	NA	5936.44	3558.37	41537.0	53555.0	72532.0	52739.0	NA	NA	NA	NA	NA	NA	NA	NA	NA	0	0	{}	6144	6144	"{""200"": 6144}"
synthetic	cached/c256/get	after	2	NA	5688.35	3409.66	42668.0	58112.0	95611.0	56872.0	NA	NA	NA	NA	NA	NA	NA	NA	NA	0	0	{}	6144	6144	"{""200"": 6144}"
synthetic	cached/c256/get	after	3	NA	5130.49	3075.27	42680.0	69666.0	149503.0	68438.0	NA	NA	NA	NA	NA	NA	NA	NA	NA	0	0	{}	6144	6144	"{""200"": 6144}"
synthetic	cached/c256/head-hit	before	1	NA	5998.84	0.0	40314.0	54997.0	63415.0	54389.0	NA	NA	NA	NA	NA	NA	NA	NA	NA	0	1	{}	6144	6144	"{""200"": 6144}"
synthetic	cached/c256/head-hit	before	2	NA	5863.31	0.0	41613.0	57425.0	78430.0	55259.0	NA	NA	NA	NA	NA	NA	NA	NA	NA	0	1	{}	6144	6144	"{""200"": 6144}"
synthetic	cached/c256/head-hit	before	3	NA	6117.81	0.0	39451.0	55423.0	69333.0	55290.0	NA	NA	NA	NA	NA	NA	NA	NA	NA	0	1	{}	6144	6144	"{""200"": 6144}"
synthetic	cached/c256/head-hit	after	1	NA	5796.27	0.0	40354.0	63230.0	110402.0	62171.0	NA	NA	NA	NA	NA	NA	NA	NA	NA	0	0	{}	6144	6144	"{""200"": 6144}"
synthetic	cached/c256/head-hit	after	2	NA	5921.28	0.0	41422.0	56908.0	119500.0	56062.0	NA	NA	NA	NA	NA	NA	NA	NA	NA	0	0	{}	6144	6144	"{""200"": 6144}"
synthetic	cached/c256/head-hit	after	3	NA	6022.52	0.0	40341.0	52151.0	110827.0	51890.0	NA	NA	NA	NA	NA	NA	NA	NA	NA	0	0	{}	6144	6144	"{""200"": 6144}"
synthetic	cached/c256/head-miss	before	1	NA	6843.16	0.0	37500.0	51675.0	107254.0	50030.0	NA	NA	NA	NA	NA	NA	NA	NA	NA	0	1	{}	6144	6144	"{""404"": 6144}"
synthetic	cached/c256/head-miss	before	2	NA	6143.54	0.0	39626.0	55535.0	115087.0	54012.0	NA	NA	NA	NA	NA	NA	NA	NA	NA	0	1	{}	6144	6144	"{""404"": 6144}"
synthetic	cached/c256/head-miss	before	3	NA	6217.57	0.0	40291.0	51518.0	92944.0	49934.0	NA	NA	NA	NA	NA	NA	NA	NA	NA	0	1	{}	6144	6144	"{""404"": 6144}"
synthetic	cached/c256/head-miss	after	1	NA	5894.25	0.0	40085.0	58119.0	131777.0	56861.0	NA	NA	NA	NA	NA	NA	NA	NA	NA	0	0	{}	6144	6144	"{""404"": 6144}"
synthetic	cached/c256/head-miss	after	2	NA	5934.25	0.0	43334.0	50816.0	65990.0	50101.0	NA	NA	NA	NA	NA	NA	NA	NA	NA	0	0	{}	6144	6144	"{""404"": 6144}"
synthetic	cached/c256/head-miss	after	3	NA	6771.61	0.0	38171.0	42249.0	56387.0	42085.0	NA	NA	NA	NA	NA	NA	NA	NA	NA	0	0	{}	6144	6144	"{""404"": 6144}"
synthetic	cached/c256/mixed	before	1	NA	1073.88	514.11	84413.0	624769.0	1507965.0	533992.0	NA	NA	NA	NA	NA	NA	NA	NA	NA	1	1	"{""GET-hit status 404"": 1}"	6144	6143	"{""200"": 4915, ""404"": 1229}"
synthetic	cached/c256/mixed	before	2	NA	1110.01	531.36	86819.0	589565.0	1507517.0	503381.0	NA	NA	NA	NA	NA	NA	NA	NA	NA	0	1	{}	6144	6144	"{""200"": 4916, ""404"": 1228}"
synthetic	cached/c256/mixed	before	3	NA	1128.64	540.28	92594.0	551117.0	1379684.0	479406.0	NA	NA	NA	NA	NA	NA	NA	NA	NA	0	1	{}	6144	6144	"{""200"": 4916, ""404"": 1228}"
synthetic	cached/c256/mixed	after	1	NA	978.1	468.22	98267.0	620664.0	1477740.0	583864.0	NA	NA	NA	NA	NA	NA	NA	NA	NA	0	0	{}	6144	6144	"{""200"": 4916, ""404"": 1228}"
synthetic	cached/c256/mixed	after	2	NA	989.39	473.63	91777.0	653790.0	1551435.0	589132.0	NA	NA	NA	NA	NA	NA	NA	NA	NA	0	0	{}	6144	6144	"{""200"": 4916, ""404"": 1228}"
synthetic	cached/c256/mixed	after	3	NA	1033.64	494.81	89763.0	614604.0	1354668.0	570719.0	NA	NA	NA	NA	NA	NA	NA	NA	NA	0	0	{}	6144	6144	"{""200"": 4916, ""404"": 1228}"
synthetic	cached/c256/put	before	1	NA	181.65	108.88	978751.0	3343708.0	5844596.0	3343705.0	NA	NA	NA	NA	NA	NA	NA	NA	NA	0	1	{}	6144	6144	"{""200"": 6144}"
synthetic	cached/c256/put	before	2	NA	181.13	108.58	991347.0	3178453.0	6094163.0	3178451.0	NA	NA	NA	NA	NA	NA	NA	NA	NA	1	1	"{""PUT status 500"": 1}"	6144	6143	"{""200"": 6143, ""500"": 1}"
synthetic	cached/c256/put	before	3	NA	173.82	104.18	834987.0	3265330.0	5869106.0	3265327.0	NA	NA	NA	NA	NA	NA	NA	NA	NA	1	1	"{""PUT status 500"": 1}"	6144	6143	"{""200"": 6143, ""500"": 1}"
synthetic	cached/c256/put	after	1	NA	175.9	105.44	1020173.0	1903124.0	5567048.0	1902119.0	NA	NA	NA	NA	NA	NA	NA	NA	NA	0	0	{}	6144	6144	"{""200"": 6144}"
synthetic	cached/c256/put	after	2	NA	177.65	106.48	1066619.0	1898800.0	5176506.0	1898329.0	NA	NA	NA	NA	NA	NA	NA	NA	NA	0	0	{}	6144	6144	"{""200"": 6144}"
synthetic	cached/c256/put	after	3	NA	177.72	106.53	1044923.0	1948382.0	4948062.0	1944261.0	NA	NA	NA	NA	NA	NA	NA	NA	NA	0	0	{}	6144	6144	"{""200"": 6144}"
synthetic	cached/c32/get	before	1	NA	6433.06	3703.51	4221.0	8089.0	11910.0	7973.0	NA	NA	NA	NA	NA	NA	NA	NA	NA	0	0	{}	768	768	"{""200"": 768}"
synthetic	cached/c32/get	before	2	NA	6686.78	3849.57	3878.0	8507.0	16970.0	8477.0	NA	NA	NA	NA	NA	NA	NA	NA	NA	0	0	{}	768	768	"{""200"": 768}"
synthetic	cached/c32/get	before	3	NA	5753.93	3312.53	4609.0	8893.0	24472.0	8707.0	NA	NA	NA	NA	NA	NA	NA	NA	NA	0	0	{}	768	768	"{""200"": 768}"
synthetic	cached/c32/get	after	1	NA	6645.08	3825.56	4378.0	7950.0	11937.0	7809.0	NA	NA	NA	NA	NA	NA	NA	NA	NA	0	0	{}	768	768	"{""200"": 768}"
synthetic	cached/c32/get	after	2	NA	6506.53	3745.8	4286.0	7889.0	21870.0	7722.0	NA	NA	NA	NA	NA	NA	NA	NA	NA	0	0	{}	768	768	"{""200"": 768}"
synthetic	cached/c32/get	after	3	NA	6734.53	3877.06	4211.0	7382.0	12349.0	7323.0	NA	NA	NA	NA	NA	NA	NA	NA	NA	0	0	{}	768	768	"{""200"": 768}"
synthetic	cached/c32/head-hit	before	1	NA	6210.26	0.0	4813.0	8584.0	18398.0	8499.0	NA	NA	NA	NA	NA	NA	NA	NA	NA	0	0	{}	768	768	"{""200"": 768}"
synthetic	cached/c32/head-hit	before	2	NA	6344.82	0.0	4673.0	8198.0	11183.0	8099.0	NA	NA	NA	NA	NA	NA	NA	NA	NA	0	0	{}	768	768	"{""200"": 768}"
synthetic	cached/c32/head-hit	before	3	NA	4195.0	0.0	5916.0	14306.0	27202.0	14305.0	NA	NA	NA	NA	NA	NA	NA	NA	NA	0	0	{}	768	768	"{""200"": 768}"
synthetic	cached/c32/head-hit	after	1	NA	6336.63	0.0	4631.0	8480.0	13746.0	8476.0	NA	NA	NA	NA	NA	NA	NA	NA	NA	0	0	{}	768	768	"{""200"": 768}"
synthetic	cached/c32/head-hit	after	2	NA	6331.77	0.0	4565.0	8241.0	15928.0	8241.0	NA	NA	NA	NA	NA	NA	NA	NA	NA	0	0	{}	768	768	"{""200"": 768}"
synthetic	cached/c32/head-hit	after	3	NA	2797.72	0.0	9033.0	25582.0	51017.0	25581.0	NA	NA	NA	NA	NA	NA	NA	NA	NA	0	0	{}	768	768	"{""200"": 768}"
synthetic	cached/c32/head-miss	before	1	NA	8696.34	0.0	3861.0	5426.0	8157.0	5425.0	NA	NA	NA	NA	NA	NA	NA	NA	NA	0	0	{}	768	768	"{""404"": 768}"
synthetic	cached/c32/head-miss	before	2	NA	7196.16	0.0	4365.0	6536.0	10848.0	6509.0	NA	NA	NA	NA	NA	NA	NA	NA	NA	0	0	{}	768	768	"{""404"": 768}"
synthetic	cached/c32/head-miss	before	3	NA	9716.46	0.0	2808.0	5193.0	7356.0	5192.0	NA	NA	NA	NA	NA	NA	NA	NA	NA	0	0	{}	768	768	"{""404"": 768}"
synthetic	cached/c32/head-miss	after	1	NA	9007.27	0.0	3110.0	5365.0	10264.0	5365.0	NA	NA	NA	NA	NA	NA	NA	NA	NA	0	0	{}	768	768	"{""404"": 768}"
synthetic	cached/c32/head-miss	after	2	NA	6756.95	0.0	4876.0	6110.0	10466.0	6097.0	NA	NA	NA	NA	NA	NA	NA	NA	NA	0	0	{}	768	768	"{""404"": 768}"
synthetic	cached/c32/head-miss	after	3	NA	7312.08	0.0	4356.0	6380.0	13690.0	6379.0	NA	NA	NA	NA	NA	NA	NA	NA	NA	0	0	{}	768	768	"{""404"": 768}"
synthetic	cached/c32/mixed	before	1	NA	1185.98	549.9	5466.0	14817.0	287586.0	13986.0	NA	NA	NA	NA	NA	NA	NA	NA	NA	0	0	{}	768	768	"{""200"": 615, ""404"": 153}"
synthetic	cached/c32/mixed	before	2	NA	1064.32	493.49	6920.0	31201.0	232439.0	29260.0	NA	NA	NA	NA	NA	NA	NA	NA	NA	0	0	{}	768	768	"{""200"": 615, ""404"": 153}"
synthetic	cached/c32/mixed	before	3	NA	1097.3	508.78	6801.0	26410.0	227239.0	25811.0	NA	NA	NA	NA	NA	NA	NA	NA	NA	0	0	{}	768	768	"{""200"": 615, ""404"": 153}"
synthetic	cached/c32/mixed	after	1	NA	1029.56	477.37	8781.0	52834.0	191286.0	39859.0	NA	NA	NA	NA	NA	NA	NA	NA	NA	0	0	{}	768	768	"{""200"": 615, ""404"": 153}"
synthetic	cached/c32/mixed	after	2	NA	987.66	457.95	7248.0	51341.0	217981.0	44864.0	NA	NA	NA	NA	NA	NA	NA	NA	NA	0	0	{}	768	768	"{""200"": 615, ""404"": 153}"
synthetic	cached/c32/mixed	after	3	NA	1038.9	481.7	6854.0	49976.0	200976.0	37707.0	NA	NA	NA	NA	NA	NA	NA	NA	NA	0	0	{}	768	768	"{""200"": 615, ""404"": 153}"
synthetic	cached/c32/put	before	1	NA	188.19	108.34	29939.0	318772.0	1679828.0	318769.0	NA	NA	NA	NA	NA	NA	NA	NA	NA	0	0	{}	768	768	"{""200"": 768}"
synthetic	cached/c32/put	before	2	NA	189.01	108.81	34158.0	320687.0	1662544.0	320685.0	NA	NA	NA	NA	NA	NA	NA	NA	NA	0	0	{}	768	768	"{""200"": 768}"
synthetic	cached/c32/put	before	3	NA	179.08	103.1	40401.0	397303.0	1234815.0	397301.0	NA	NA	NA	NA	NA	NA	NA	NA	NA	0	0	{}	768	768	"{""200"": 768}"
synthetic	cached/c32/put	after	1	NA	182.84	105.26	133745.0	260340.0	732662.0	260338.0	NA	NA	NA	NA	NA	NA	NA	NA	NA	0	0	{}	768	768	"{""200"": 768}"
synthetic	cached/c32/put	after	2	NA	180.91	104.15	133942.0	258869.0	1049622.0	258867.0	NA	NA	NA	NA	NA	NA	NA	NA	NA	0	0	{}	768	768	"{""200"": 768}"
synthetic	cached/c32/put	after	3	NA	184.55	106.25	135391.0	247449.0	734937.0	247446.0	NA	NA	NA	NA	NA	NA	NA	NA	NA	0	0	{}	768	768	"{""200"": 768}"
synthetic	cached/c64/get	before	1	NA	6483.66	3886.38	9221.0	14117.0	20706.0	13876.0	NA	NA	NA	NA	NA	NA	NA	NA	NA	0	0	{}	1536	1536	"{""200"": 1536}"
synthetic	cached/c64/get	before	2	NA	5371.06	3219.47	10246.0	17785.0	40759.0	17653.0	NA	NA	NA	NA	NA	NA	NA	NA	NA	0	1	{}	1536	1536	"{""200"": 1536}"
synthetic	cached/c64/get	before	3	NA	6313.49	3784.38	8115.0	16827.0	42379.0	16807.0	NA	NA	NA	NA	NA	NA	NA	NA	NA	0	0	{}	1536	1536	"{""200"": 1536}"
synthetic	cached/c64/get	after	1	NA	6284.73	3767.14	9204.0	13828.0	22095.0	13702.0	NA	NA	NA	NA	NA	NA	NA	NA	NA	0	0	{}	1536	1536	"{""200"": 1536}"
synthetic	cached/c64/get	after	2	NA	6513.02	3903.97	8971.0	14271.0	20204.0	14103.0	NA	NA	NA	NA	NA	NA	NA	NA	NA	0	0	{}	1536	1536	"{""200"": 1536}"
synthetic	cached/c64/get	after	3	NA	6034.88	3617.37	9532.0	14116.0	24971.0	14096.0	NA	NA	NA	NA	NA	NA	NA	NA	NA	0	0	{}	1536	1536	"{""200"": 1536}"
synthetic	cached/c64/head-hit	before	1	NA	6424.57	0.0	8818.0	16005.0	22790.0	15947.0	NA	NA	NA	NA	NA	NA	NA	NA	NA	0	0	{}	1536	1536	"{""200"": 1536}"
synthetic	cached/c64/head-hit	before	2	NA	4698.12	0.0	12257.0	21156.0	34193.0	20993.0	NA	NA	NA	NA	NA	NA	NA	NA	NA	0	1	{}	1536	1536	"{""200"": 1536}"
synthetic	cached/c64/head-hit	before	3	NA	6144.5	0.0	9439.0	15009.0	23898.0	15004.0	NA	NA	NA	NA	NA	NA	NA	NA	NA	0	0	{}	1536	1536	"{""200"": 1536}"
synthetic	cached/c64/head-hit	after	1	NA	4393.85	0.0	11312.0	31868.0	59038.0	31817.0	NA	NA	NA	NA	NA	NA	NA	NA	NA	0	0	{}	1536	1536	"{""200"": 1536}"
synthetic	cached/c64/head-hit	after	2	NA	6352.46	0.0	9513.0	14315.0	22411.0	14309.0	NA	NA	NA	NA	NA	NA	NA	NA	NA	0	0	{}	1536	1536	"{""200"": 1536}"
synthetic	cached/c64/head-hit	after	3	NA	6447.79	0.0	9665.0	13660.0	17084.0	13626.0	NA	NA	NA	NA	NA	NA	NA	NA	NA	0	0	{}	1536	1536	"{""200"": 1536}"
synthetic	cached/c64/head-miss	before	1	NA	7354.29	0.0	8792.0	11322.0	16491.0	11296.0	NA	NA	NA	NA	NA	NA	NA	NA	NA	0	0	{}	1536	1536	"{""404"": 1536}"
synthetic	cached/c64/head-miss	before	2	NA	7159.88	0.0	9455.0	11481.0	13565.0	11473.0	NA	NA	NA	NA	NA	NA	NA	NA	NA	0	1	{}	1536	1536	"{""404"": 1536}"
synthetic	cached/c64/head-miss	before	3	NA	7461.22	0.0	9129.0	11931.0	21345.0	11853.0	NA	NA	NA	NA	NA	NA	NA	NA	NA	0	0	{}	1536	1536	"{""404"": 1536}"
synthetic	cached/c64/head-miss	after	1	NA	6761.81	0.0	9505.0	11501.0	15161.0	11446.0	NA	NA	NA	NA	NA	NA	NA	NA	NA	0	0	{}	1536	1536	"{""404"": 1536}"
synthetic	cached/c64/head-miss	after	2	NA	8156.17	0.0	8012.0	11050.0	14135.0	11023.0	NA	NA	NA	NA	NA	NA	NA	NA	NA	0	0	{}	1536	1536	"{""404"": 1536}"
synthetic	cached/c64/head-miss	after	3	NA	8676.17	0.0	6774.0	11593.0	16642.0	11503.0	NA	NA	NA	NA	NA	NA	NA	NA	NA	0	0	{}	1536	1536	"{""404"": 1536}"
synthetic	cached/c64/mixed	before	1	NA	1395.39	673.34	14072.0	61646.0	470667.0	53633.0	NA	NA	NA	NA	NA	NA	NA	NA	NA	0	0	{}	1536	1536	"{""200"": 1230, ""404"": 306}"
synthetic	cached/c64/mixed	before	2	NA	1379.34	665.14	13284.0	44572.0	477272.0	41721.0	NA	NA	NA	NA	NA	NA	NA	NA	NA	1	1	"{""GET-hit status 404"": 1}"	1536	1535	"{""200"": 1229, ""404"": 307}"
synthetic	cached/c64/mixed	before	3	NA	1255.17	605.68	16682.0	82564.0	495683.0	67011.0	NA	NA	NA	NA	NA	NA	NA	NA	NA	0	0	{}	1536	1536	"{""200"": 1230, ""404"": 306}"
synthetic	cached/c64/mixed	after	1	NA	1134.88	547.64	17010.0	126677.0	518444.0	104833.0	NA	NA	NA	NA	NA	NA	NA	NA	NA	0	0	{}	1536	1536	"{""200"": 1230, ""404"": 306}"
synthetic	cached/c64/mixed	after	2	NA	1007.82	486.32	17511.0	135694.0	531808.0	122395.0	NA	NA	NA	NA	NA	NA	NA	NA	NA	0	0	{}	1536	1536	"{""200"": 1230, ""404"": 306}"
synthetic	cached/c64/mixed	after	3	NA	1113.13	537.14	16288.0	136005.0	464793.0	109715.0	NA	NA	NA	NA	NA	NA	NA	NA	NA	0	0	{}	1536	1536	"{""200"": 1230, ""404"": 306}"
synthetic	cached/c64/put	before	1	NA	177.42	106.35	81833.0	928446.0	3237672.0	928444.0	NA	NA	NA	NA	NA	NA	NA	NA	NA	0	0	{}	1536	1536	"{""200"": 1536}"
synthetic	cached/c64/put	before	2	NA	181.25	108.64	85545.0	922359.0	2904685.0	922320.0	NA	NA	NA	NA	NA	NA	NA	NA	NA	0	1	{}	1536	1536	"{""200"": 1536}"
synthetic	cached/c64/put	before	3	NA	174.67	104.7	143602.0	811417.0	2159268.0	811415.0	NA	NA	NA	NA	NA	NA	NA	NA	NA	0	0	{}	1536	1536	"{""200"": 1536}"
synthetic	cached/c64/put	after	1	NA	180.51	108.2	254741.0	620892.0	1725610.0	620889.0	NA	NA	NA	NA	NA	NA	NA	NA	NA	0	0	{}	1536	1536	"{""200"": 1536}"
synthetic	cached/c64/put	after	2	NA	179.72	107.73	255959.0	530907.0	1831463.0	530905.0	NA	NA	NA	NA	NA	NA	NA	NA	NA	0	0	{}	1536	1536	"{""200"": 1536}"
synthetic	cached/c64/put	after	3	NA	178.19	106.81	270102.0	542140.0	1708093.0	542138.0	NA	NA	NA	NA	NA	NA	NA	NA	NA	0	0	{}	1536	1536	"{""200"": 1536}"
synthetic	cached/c8/get	before	1	NA	5195.81	3114.42	1097.0	2684.0	10694.0	2533.0	NA	NA	NA	NA	NA	NA	NA	NA	NA	0	0	{}	512	512	"{""200"": 512}"
synthetic	cached/c8/get	before	2	NA	5572.75	3340.37	1075.0	2393.0	5975.0	2290.0	NA	NA	NA	NA	NA	NA	NA	NA	NA	0	0	{}	512	512	"{""200"": 512}"
synthetic	cached/c8/get	before	3	NA	5199.48	3116.63	1130.0	2972.0	6695.0	2664.0	NA	NA	NA	NA	NA	NA	NA	NA	NA	0	0	{}	512	512	"{""200"": 512}"
synthetic	cached/c8/get	after	1	NA	6019.93	3608.41	989.0	2091.0	6536.0	1895.0	NA	NA	NA	NA	NA	NA	NA	NA	NA	0	0	{}	512	512	"{""200"": 512}"
synthetic	cached/c8/get	after	2	NA	5491.63	3291.75	1076.0	2680.0	5468.0	2516.0	NA	NA	NA	NA	NA	NA	NA	NA	NA	0	0	{}	512	512	"{""200"": 512}"
synthetic	cached/c8/get	after	3	NA	5858.23	3511.49	1072.0	2370.0	4267.0	2237.0	NA	NA	NA	NA	NA	NA	NA	NA	NA	0	0	{}	512	512	"{""200"": 512}"
synthetic	cached/c8/head-hit	before	1	NA	6146.26	0.0	838.0	2444.0	6361.0	2443.0	NA	NA	NA	NA	NA	NA	NA	NA	NA	0	0	{}	512	512	"{""200"": 512}"
synthetic	cached/c8/head-hit	before	2	NA	4055.85	0.0	952.0	3890.0	15698.0	3890.0	NA	NA	NA	NA	NA	NA	NA	NA	NA	0	0	{}	512	512	"{""200"": 512}"
synthetic	cached/c8/head-hit	before	3	NA	6126.0	0.0	848.0	2534.0	5506.0	2533.0	NA	NA	NA	NA	NA	NA	NA	NA	NA	0	0	{}	512	512	"{""200"": 512}"
synthetic	cached/c8/head-hit	after	1	NA	6105.76	0.0	909.0	2406.0	5460.0	2297.0	NA	NA	NA	NA	NA	NA	NA	NA	NA	0	0	{}	512	512	"{""200"": 512}"
synthetic	cached/c8/head-hit	after	2	NA	6228.18	0.0	895.0	2322.0	4692.0	2303.0	NA	NA	NA	NA	NA	NA	NA	NA	NA	0	0	{}	512	512	"{""200"": 512}"
synthetic	cached/c8/head-hit	after	3	NA	5743.72	0.0	1024.0	2410.0	6075.0	2408.0	NA	NA	NA	NA	NA	NA	NA	NA	NA	0	0	{}	512	512	"{""200"": 512}"
synthetic	cached/c8/head-miss	before	1	NA	11128.3	0.0	566.0	1065.0	2721.0	1052.0	NA	NA	NA	NA	NA	NA	NA	NA	NA	0	0	{}	512	512	"{""404"": 512}"
synthetic	cached/c8/head-miss	before	2	NA	9289.46	0.0	593.0	1188.0	6106.0	1116.0	NA	NA	NA	NA	NA	NA	NA	NA	NA	0	0	{}	512	512	"{""404"": 512}"
synthetic	cached/c8/head-miss	before	3	NA	10369.15	0.0	614.0	1181.0	3216.0	1124.0	NA	NA	NA	NA	NA	NA	NA	NA	NA	0	0	{}	512	512	"{""404"": 512}"
synthetic	cached/c8/head-miss	after	1	NA	11324.93	0.0	636.0	951.0	1662.0	938.0	NA	NA	NA	NA	NA	NA	NA	NA	NA	0	0	{}	512	512	"{""404"": 512}"
synthetic	cached/c8/head-miss	after	2	NA	8739.61	0.0	630.0	1125.0	8641.0	1094.0	NA	NA	NA	NA	NA	NA	NA	NA	NA	0	0	{}	512	512	"{""404"": 512}"
synthetic	cached/c8/head-miss	after	3	NA	11107.54	0.0	658.0	940.0	1756.0	938.0	NA	NA	NA	NA	NA	NA	NA	NA	NA	0	0	{}	512	512	"{""404"": 512}"
synthetic	cached/c8/mixed	before	1	NA	1193.65	574.93	1872.0	18562.0	93549.0	18556.0	NA	NA	NA	NA	NA	NA	NA	NA	NA	0	0	{}	512	512	"{""200"": 410, ""404"": 102}"
synthetic	cached/c8/mixed	before	2	NA	1199.27	577.64	1948.0	18288.0	85857.0	18268.0	NA	NA	NA	NA	NA	NA	NA	NA	NA	0	0	{}	512	512	"{""200"": 410, ""404"": 102}"
synthetic	cached/c8/mixed	before	3	NA	1197.67	576.87	2181.0	17054.0	77279.0	17048.0	NA	NA	NA	NA	NA	NA	NA	NA	NA	0	0	{}	512	512	"{""200"": 410, ""404"": 102}"
synthetic	cached/c8/mixed	after	1	NA	1186.12	571.3	1537.0	18935.0	68306.0	18919.0	NA	NA	NA	NA	NA	NA	NA	NA	NA	0	0	{}	512	512	"{""200"": 410, ""404"": 102}"
synthetic	cached/c8/mixed	after	2	NA	1057.65	509.42	1651.0	19490.0	100689.0	19465.0	NA	NA	NA	NA	NA	NA	NA	NA	NA	0	0	{}	512	512	"{""200"": 410, ""404"": 102}"
synthetic	cached/c8/mixed	after	3	NA	1047.81	504.69	1927.0	18437.0	80202.0	18432.0	NA	NA	NA	NA	NA	NA	NA	NA	NA	0	0	{}	512	512	"{""200"": 410, ""404"": 102}"
synthetic	cached/c8/put	before	1	NA	161.01	96.51	22520.0	106322.0	412192.0	106320.0	NA	NA	NA	NA	NA	NA	NA	NA	NA	0	0	{}	512	512	"{""200"": 512}"
synthetic	cached/c8/put	before	2	NA	161.31	96.69	22269.0	113333.0	362962.0	113329.0	NA	NA	NA	NA	NA	NA	NA	NA	NA	0	0	{}	512	512	"{""200"": 512}"
synthetic	cached/c8/put	before	3	NA	153.14	91.79	23325.0	128041.0	387058.0	128037.0	NA	NA	NA	NA	NA	NA	NA	NA	NA	0	0	{}	512	512	"{""200"": 512}"
synthetic	cached/c8/put	after	1	NA	145.76	87.37	38286.0	97389.0	366876.0	97384.0	NA	NA	NA	NA	NA	NA	NA	NA	NA	0	0	{}	512	512	"{""200"": 512}"
synthetic	cached/c8/put	after	2	NA	144.82	86.8	43614.0	100775.0	353812.0	100772.0	NA	NA	NA	NA	NA	NA	NA	NA	NA	0	0	{}	512	512	"{""200"": 512}"
synthetic	cached/c8/put	after	3	NA	140.64	84.3	46283.0	103663.0	355622.0	103660.0	NA	NA	NA	NA	NA	NA	NA	NA	NA	0	0	{}	512	512	"{""200"": 512}"
synthetic	nocache/c1/get	before	1	NA	88.79	53.22	889.0	19533.0	224870.0	3237.0	NA	NA	NA	NA	NA	NA	NA	NA	NA	0	0	{}	512	512	"{""200"": 512}"
synthetic	nocache/c1/get	before	2	NA	89.6	53.71	899.0	19201.0	223165.0	3290.0	NA	NA	NA	NA	NA	NA	NA	NA	NA	0	0	{}	512	512	"{""200"": 512}"
synthetic	nocache/c1/get	before	3	NA	89.32	53.54	1239.0	19577.0	223502.0	3346.0	NA	NA	NA	NA	NA	NA	NA	NA	NA	0	0	{}	512	512	"{""200"": 512}"
synthetic	nocache/c1/get	after	1	NA	86.59	51.9	2438.0	18938.0	224566.0	3150.0	NA	NA	NA	NA	NA	NA	NA	NA	NA	0	0	{}	512	512	"{""200"": 512}"
synthetic	nocache/c1/get	after	2	NA	87.26	52.31	2427.0	18948.0	221940.0	3114.0	NA	NA	NA	NA	NA	NA	NA	NA	NA	0	0	{}	512	512	"{""200"": 512}"
synthetic	nocache/c1/get	after	3	NA	84.49	50.64	2443.0	19724.0	222001.0	3267.0	NA	NA	NA	NA	NA	NA	NA	NA	NA	0	0	{}	512	512	"{""200"": 512}"
synthetic	nocache/c1/head-hit	before	1	NA	1113.13	0.0	744.0	975.0	1685.0	974.0	NA	NA	NA	NA	NA	NA	NA	NA	NA	0	0	{}	512	512	"{""200"": 512}"
synthetic	nocache/c1/head-hit	before	2	NA	1448.1	0.0	669.0	753.0	889.0	752.0	NA	NA	NA	NA	NA	NA	NA	NA	NA	0	0	{}	512	512	"{""200"": 512}"
synthetic	nocache/c1/head-hit	before	3	NA	1105.69	0.0	791.0	1098.0	3186.0	1095.0	NA	NA	NA	NA	NA	NA	NA	NA	NA	0	0	{}	512	512	"{""200"": 512}"
synthetic	nocache/c1/head-hit	after	1	NA	1378.23	0.0	712.0	793.0	1194.0	793.0	NA	NA	NA	NA	NA	NA	NA	NA	NA	0	0	{}	512	512	"{""200"": 512}"
synthetic	nocache/c1/head-hit	after	2	NA	1372.53	0.0	708.0	782.0	991.0	781.0	NA	NA	NA	NA	NA	NA	NA	NA	NA	0	0	{}	512	512	"{""200"": 512}"
synthetic	nocache/c1/head-hit	after	3	NA	1385.66	0.0	706.0	783.0	906.0	782.0	NA	NA	NA	NA	NA	NA	NA	NA	NA	0	0	{}	512	512	"{""200"": 512}"
synthetic	nocache/c1/head-miss	before	1	NA	2048.87	0.0	458.0	554.0	829.0	553.0	NA	NA	NA	NA	NA	NA	NA	NA	NA	0	0	{}	512	512	"{""404"": 512}"
synthetic	nocache/c1/head-miss	before	2	NA	2213.46	0.0	418.0	529.0	937.0	528.0	NA	NA	NA	NA	NA	NA	NA	NA	NA	0	0	{}	512	512	"{""404"": 512}"
synthetic	nocache/c1/head-miss	before	3	NA	1233.01	0.0	638.0	1091.0	3781.0	1071.0	NA	NA	NA	NA	NA	NA	NA	NA	NA	0	0	{}	512	512	"{""404"": 512}"
synthetic	nocache/c1/head-miss	after	1	NA	1899.37	0.0	483.0	565.0	1474.0	564.0	NA	NA	NA	NA	NA	NA	NA	NA	NA	0	0	{}	512	512	"{""404"": 512}"
synthetic	nocache/c1/head-miss	after	2	NA	1871.28	0.0	528.0	601.0	691.0	600.0	NA	NA	NA	NA	NA	NA	NA	NA	NA	0	0	{}	512	512	"{""404"": 512}"
synthetic	nocache/c1/head-miss	after	3	NA	1843.15	0.0	513.0	584.0	813.0	583.0	NA	NA	NA	NA	NA	NA	NA	NA	NA	0	0	{}	512	512	"{""404"": 512}"
synthetic	nocache/c1/mixed	before	1	NA	105.49	50.81	836.0	19257.0	69044.0	3475.0	NA	NA	NA	NA	NA	NA	NA	NA	NA	0	0	{}	512	512	"{""200"": 410, ""404"": 102}"
synthetic	nocache/c1/mixed	before	2	NA	110.37	53.16	778.0	18901.0	65659.0	3205.0	NA	NA	NA	NA	NA	NA	NA	NA	NA	0	0	{}	512	512	"{""200"": 410, ""404"": 102}"
synthetic	nocache/c1/mixed	before	3	NA	104.76	50.46	1043.0	20547.0	70838.0	3666.0	NA	NA	NA	NA	NA	NA	NA	NA	NA	0	0	{}	512	512	"{""200"": 410, ""404"": 102}"
synthetic	nocache/c1/mixed	after	1	NA	97.86	47.14	2380.0	19107.0	71366.0	4873.0	NA	NA	NA	NA	NA	NA	NA	NA	NA	0	0	{}	512	512	"{""200"": 410, ""404"": 102}"
synthetic	nocache/c1/mixed	after	2	NA	101.33	48.81	2407.0	19366.0	66593.0	4677.0	NA	NA	NA	NA	NA	NA	NA	NA	NA	0	0	{}	512	512	"{""200"": 410, ""404"": 102}"
synthetic	nocache/c1/mixed	after	3	NA	103.34	49.78	2324.0	18936.0	67225.0	4142.0	NA	NA	NA	NA	NA	NA	NA	NA	NA	0	0	{}	512	512	"{""200"": 410, ""404"": 102}"
synthetic	nocache/c1/put	before	1	NA	73.36	43.97	3896.0	22482.0	244279.0	22475.0	NA	NA	NA	NA	NA	NA	NA	NA	NA	0	0	{}	512	512	"{""200"": 512}"
synthetic	nocache/c1/put	before	2	NA	71.83	43.06	4068.0	23924.0	248888.0	23921.0	NA	NA	NA	NA	NA	NA	NA	NA	NA	0	0	{}	512	512	"{""200"": 512}"
synthetic	nocache/c1/put	before	3	NA	69.11	41.43	4093.0	23706.0	247437.0	23704.0	NA	NA	NA	NA	NA	NA	NA	NA	NA	0	0	{}	512	512	"{""200"": 512}"
synthetic	nocache/c1/put	after	1	NA	66.37	39.78	6370.0	22454.0	248391.0	22450.0	NA	NA	NA	NA	NA	NA	NA	NA	NA	0	0	{}	512	512	"{""200"": 512}"
synthetic	nocache/c1/put	after	2	NA	64.37	38.58	6628.0	23316.0	245029.0	23314.0	NA	NA	NA	NA	NA	NA	NA	NA	NA	0	0	{}	512	512	"{""200"": 512}"
synthetic	nocache/c1/put	after	3	NA	67.98	40.75	6081.0	22101.0	244793.0	22097.0	NA	NA	NA	NA	NA	NA	NA	NA	NA	0	0	{}	512	512	"{""200"": 512}"
synthetic	nocache/c128/get	before	1	NA	180.34	108.1	319646.0	1669883.0	4307373.0	1211191.0	NA	NA	NA	NA	NA	NA	NA	NA	NA	0	1	{}	3072	3072	"{""200"": 3072}"
synthetic	nocache/c128/get	before	2	NA	181.9	109.03	353255.0	1608111.0	4222350.0	1169459.0	NA	NA	NA	NA	NA	NA	NA	NA	NA	0	0	{}	3072	3072	"{""200"": 3072}"
synthetic	nocache/c128/get	before	3	NA	180.29	108.07	330992.0	1646058.0	4383100.0	1203582.0	NA	NA	NA	NA	NA	NA	NA	NA	NA	0	0	{}	3072	3072	"{""200"": 3072}"
synthetic	nocache/c128/get	after	1	NA	175.13	104.97	373657.0	1638289.0	4507173.0	1209251.0	NA	NA	NA	NA	NA	NA	NA	NA	NA	0	0	{}	3072	3072	"{""200"": 3072}"
synthetic	nocache/c128/get	after	2	NA	174.89	104.83	368869.0	1609837.0	4482546.0	1187544.0	NA	NA	NA	NA	NA	NA	NA	NA	NA	0	0	{}	3072	3072	"{""200"": 3072}"
synthetic	nocache/c128/get	after	3	NA	174.04	104.32	371784.0	1695034.0	4589317.0	1238350.0	NA	NA	NA	NA	NA	NA	NA	NA	NA	0	0	{}	3072	3072	"{""200"": 3072}"
synthetic	nocache/c128/head-hit	before	1	NA	5417.4	0.0	21796.0	35890.0	59904.0	35851.0	NA	NA	NA	NA	NA	NA	NA	NA	NA	0	1	{}	3072	3072	"{""200"": 3072}"
synthetic	nocache/c128/head-hit	before	2	NA	5466.06	0.0	21196.0	32724.0	59797.0	32723.0	NA	NA	NA	NA	NA	NA	NA	NA	NA	0	0	{}	3072	3072	"{""200"": 3072}"
synthetic	nocache/c128/head-hit	before	3	NA	6215.73	0.0	18024.0	28804.0	37837.0	28770.0	NA	NA	NA	NA	NA	NA	NA	NA	NA	0	0	{}	3072	3072	"{""200"": 3072}"
synthetic	nocache/c128/head-hit	after	1	NA	6388.19	0.0	19033.0	26929.0	42096.0	26863.0	NA	NA	NA	NA	NA	NA	NA	NA	NA	0	0	{}	3072	3072	"{""200"": 3072}"
synthetic	nocache/c128/head-hit	after	2	NA	6046.97	0.0	21836.0	29346.0	37392.0	29168.0	NA	NA	NA	NA	NA	NA	NA	NA	NA	0	0	{}	3072	3072	"{""200"": 3072}"
synthetic	nocache/c128/head-hit	after	3	NA	5475.99	0.0	20445.0	39146.0	65208.0	39145.0	NA	NA	NA	NA	NA	NA	NA	NA	NA	0	0	{}	3072	3072	"{""200"": 3072}"
synthetic	nocache/c128/head-miss	before	1	NA	5056.76	0.0	20439.0	43069.0	88877.0	43017.0	NA	NA	NA	NA	NA	NA	NA	NA	NA	0	1	{}	3072	3072	"{""404"": 3072}"
synthetic	nocache/c128/head-miss	before	2	NA	6698.26	0.0	19072.0	22519.0	26023.0	22436.0	NA	NA	NA	NA	NA	NA	NA	NA	NA	0	0	{}	3072	3072	"{""404"": 3072}"
synthetic	nocache/c128/head-miss	before	3	NA	6434.52	0.0	19748.0	24064.0	28830.0	23993.0	NA	NA	NA	NA	NA	NA	NA	NA	NA	0	0	{}	3072	3072	"{""404"": 3072}"
synthetic	nocache/c128/head-miss	after	1	NA	5992.81	0.0	19236.0	30939.0	82829.0	30939.0	NA	NA	NA	NA	NA	NA	NA	NA	NA	0	0	{}	3072	3072	"{""404"": 3072}"
synthetic	nocache/c128/head-miss	after	2	NA	7095.9	0.0	18836.0	21959.0	25289.0	21948.0	NA	NA	NA	NA	NA	NA	NA	NA	NA	0	0	{}	3072	3072	"{""404"": 3072}"
synthetic	nocache/c128/head-miss	after	3	NA	7020.51	0.0	18724.0	21848.0	28980.0	21847.0	NA	NA	NA	NA	NA	NA	NA	NA	NA	0	0	{}	3072	3072	"{""404"": 3072}"
synthetic	nocache/c128/mixed	before	1	NA	247.8	118.92	212863.0	1306629.0	3273440.0	1021744.0	NA	NA	NA	NA	NA	NA	NA	NA	NA	0	1	{}	3072	3072	"{""200"": 2458, ""404"": 614}"
synthetic	nocache/c128/mixed	before	2	NA	244.64	117.41	206016.0	1254770.0	4000622.0	944204.0	NA	NA	NA	NA	NA	NA	NA	NA	NA	0	0	{}	3072	3072	"{""200"": 2458, ""404"": 614}"
synthetic	nocache/c128/mixed	before	3	NA	243.27	116.75	220979.0	1252574.0	3526860.0	995140.0	NA	NA	NA	NA	NA	NA	NA	NA	NA	0	0	{}	3072	3072	"{""200"": 2458, ""404"": 614}"
synthetic	nocache/c128/mixed	after	1	NA	238.32	114.37	237803.0	1302691.0	3687308.0	1031513.0	NA	NA	NA	NA	NA	NA	NA	NA	NA	0	0	{}	3072	3072	"{""200"": 2458, ""404"": 614}"
synthetic	nocache/c128/mixed	after	2	NA	234.8	112.68	258579.0	1250793.0	3736114.0	1009750.0	NA	NA	NA	NA	NA	NA	NA	NA	NA	0	0	{}	3072	3072	"{""200"": 2458, ""404"": 614}"
synthetic	nocache/c128/mixed	after	3	NA	233.58	112.1	249237.0	1314288.0	3669350.0	1080315.0	NA	NA	NA	NA	NA	NA	NA	NA	NA	0	0	{}	3072	3072	"{""200"": 2458, ""404"": 614}"
synthetic	nocache/c128/put	before	1	NA	181.97	108.87	301820.0	1622721.0	4264807.0	1622718.0	NA	NA	NA	NA	NA	NA	NA	NA	NA	1	1	"{""PUT status 500"": 1}"	3072	3071	"{""200"": 3071, ""500"": 1}"
synthetic	nocache/c128/put	before	2	NA	183.36	109.91	287963.0	1612576.0	4115481.0	1612574.0	NA	NA	NA	NA	NA	NA	NA	NA	NA	0	0	{}	3072	3072	"{""200"": 3072}"
synthetic	nocache/c128/put	before	3	NA	175.2	105.02	348463.0	1635440.0	3676917.0	1635437.0	NA	NA	NA	NA	NA	NA	NA	NA	NA	0	0	{}	3072	3072	"{""200"": 3072}"
synthetic	nocache/c128/put	after	1	NA	177.01	106.1	540643.0	1146652.0	2874993.0	1144985.0	NA	NA	NA	NA	NA	NA	NA	NA	NA	0	0	{}	3072	3072	"{""200"": 3072}"
synthetic	nocache/c128/put	after	2	NA	176.04	105.52	536705.0	1098540.0	3032796.0	1098401.0	NA	NA	NA	NA	NA	NA	NA	NA	NA	0	0	{}	3072	3072	"{""200"": 3072}"
synthetic	nocache/c128/put	after	3	NA	176.99	106.09	540382.0	1152342.0	2606080.0	1152339.0	NA	NA	NA	NA	NA	NA	NA	NA	NA	0	0	{}	3072	3072	"{""200"": 3072}"
synthetic	nocache/c256/get	before	1	NA	181.03	108.51	1009551.0	2990939.0	6279662.0	2063236.0	NA	NA	NA	NA	NA	NA	NA	NA	NA	0	3	{}	6144	6144	"{""200"": 6144}"
synthetic	nocache/c256/get	before	2	NA	180.21	108.02	983402.0	3011380.0	6160956.0	2071522.0	NA	NA	NA	NA	NA	NA	NA	NA	NA	0	1	{}	6144	6144	"{""200"": 6144}"
synthetic	nocache/c256/get	before	3	NA	121.0	72.53	1293330.0	4686335.0	12074846.0	3015896.0	NA	NA	NA	NA	NA	NA	NA	NA	NA	0	2	{}	6144	6144	"{""200"": 6144}"
synthetic	nocache/c256/get	after	1	NA	175.27	105.06	1047539.0	2883154.0	6268426.0	1970284.0	NA	NA	NA	NA	NA	NA	NA	NA	NA	0	0	{}	6144	6144	"{""200"": 6144}"
synthetic	nocache/c256/get	after	2	NA	174.17	104.4	1096056.0	2831602.0	6059379.0	2000975.0	NA	NA	NA	NA	NA	NA	NA	NA	NA	0	0	{}	6144	6144	"{""200"": 6144}"
synthetic	nocache/c256/get	after	3	NA	175.88	105.42	1057331.0	2852725.0	6168158.0	2010790.0	NA	NA	NA	NA	NA	NA	NA	NA	NA	0	0	{}	6144	6144	"{""200"": 6144}"
synthetic	nocache/c256/head-hit	before	1	NA	6129.24	0.0	40631.0	54532.0	87568.0	53056.0	NA	NA	NA	NA	NA	NA	NA	NA	NA	0	3	{}	6144	6144	"{""200"": 6144}"
synthetic	nocache/c256/head-hit	before	2	NA	6070.99	0.0	40641.0	50161.0	63245.0	49650.0	NA	NA	NA	NA	NA	NA	NA	NA	NA	0	1	{}	6144	6144	"{""200"": 6144}"
synthetic	nocache/c256/head-hit	before	3	NA	5786.64	0.0	43395.0	54384.0	65899.0	53934.0	NA	NA	NA	NA	NA	NA	NA	NA	NA	0	2	{}	6144	6144	"{""200"": 6144}"
synthetic	nocache/c256/head-hit	after	1	NA	5879.88	0.0	42142.0	56200.0	76635.0	55391.0	NA	NA	NA	NA	NA	NA	NA	NA	NA	0	0	{}	6144	6144	"{""200"": 6144}"
synthetic	nocache/c256/head-hit	after	2	NA	6252.21	0.0	38825.0	52303.0	103210.0	51302.0	NA	NA	NA	NA	NA	NA	NA	NA	NA	0	0	{}	6144	6144	"{""200"": 6144}"
synthetic	nocache/c256/head-hit	after	3	NA	5920.22	0.0	42379.0	55621.0	91311.0	54946.0	NA	NA	NA	NA	NA	NA	NA	NA	NA	0	0	{}	6144	6144	"{""200"": 6144}"
synthetic	nocache/c256/head-miss	before	1	NA	5288.02	0.0	42451.0	72005.0	144510.0	71377.0	NA	NA	NA	NA	NA	NA	NA	NA	NA	0	3	{}	6144	6144	"{""404"": 6144}"
synthetic	nocache/c256/head-miss	before	2	NA	6670.9	0.0	37946.0	49492.0	93301.0	47316.0	NA	NA	NA	NA	NA	NA	NA	NA	NA	0	1	{}	6144	6144	"{""404"": 6144}"
synthetic	nocache/c256/head-miss	before	3	NA	5986.12	0.0	41545.0	55172.0	71538.0	53715.0	NA	NA	NA	NA	NA	NA	NA	NA	NA	0	2	{}	6144	6144	"{""404"": 6144}"
synthetic	nocache/c256/head-miss	after	1	NA	6514.58	0.0	38743.0	45802.0	92977.0	45092.0	NA	NA	NA	NA	NA	NA	NA	NA	NA	0	0	{}	6144	6144	"{""404"": 6144}"
synthetic	nocache/c256/head-miss	after	2	NA	4279.33	0.0	39984.0	121899.0	263524.0	121897.0	NA	NA	NA	NA	NA	NA	NA	NA	NA	0	0	{}	6144	6144	"{""404"": 6144}"
synthetic	nocache/c256/head-miss	after	3	NA	6719.4	0.0	38284.0	42221.0	91534.0	41909.0	NA	NA	NA	NA	NA	NA	NA	NA	NA	0	0	{}	6144	6144	"{""404"": 6144}"
synthetic	nocache/c256/mixed	before	1	NA	243.05	116.34	554470.0	2317251.0	5475698.0	1704934.0	NA	NA	NA	NA	NA	NA	NA	NA	NA	2	3	"{""PUT status 500"": 2}"	6144	6142	"{""200"": 4914, ""404"": 1228, ""500"": 2}"
synthetic	nocache/c256/mixed	before	2	NA	243.83	116.72	597696.0	2325581.0	5420042.0	1692047.0	NA	NA	NA	NA	NA	NA	NA	NA	NA	0	1	{}	6144	6144	"{""200"": 4916, ""404"": 1228}"
synthetic	nocache/c256/mixed	before	3	NA	242.4	116.02	588858.0	2336357.0	5245262.0	1764659.0	NA	NA	NA	NA	NA	NA	NA	NA	NA	1	2	"{""PUT status 500"": 1}"	6144	6143	"{""200"": 4915, ""404"": 1228, ""500"": 1}"
synthetic	nocache/c256/mixed	after	1	NA	233.94	111.99	652912.0	2325464.0	5263620.0	1862861.0	NA	NA	NA	NA	NA	NA	NA	NA	NA	0	0	{}	6144	6144	"{""200"": 4916, ""404"": 1228}"
synthetic	nocache/c256/mixed	after	2	NA	233.97	112.0	689783.0	2309732.0	5188054.0	1802676.0	NA	NA	NA	NA	NA	NA	NA	NA	NA	0	0	{}	6144	6144	"{""200"": 4916, ""404"": 1228}"
synthetic	nocache/c256/mixed	after	3	NA	235.34	112.66	620062.0	2331373.0	5632777.0	1851125.0	NA	NA	NA	NA	NA	NA	NA	NA	NA	0	0	{}	6144	6144	"{""200"": 4916, ""404"": 1228}"
synthetic	nocache/c256/put	before	1	NA	181.86	109.02	951022.0	3270502.0	6199102.0	3267123.0	NA	NA	NA	NA	NA	NA	NA	NA	NA	1	3	"{""PUT status 500"": 1}"	6144	6143	"{""200"": 6143, ""500"": 1}"
synthetic	nocache/c256/put	before	2	NA	181.51	108.7	974871.0	3320742.0	6105414.0	3320734.0	NA	NA	NA	NA	NA	NA	NA	NA	NA	1	1	"{""PUT status 500"": 1}"	6144	6143	"{""200"": 6143, ""500"": 1}"
synthetic	nocache/c256/put	before	3	NA	97.65	58.54	1696630.0	7273396.0	10303945.0	7273389.0	NA	NA	NA	NA	NA	NA	NA	NA	NA	1	2	"{""PUT status 500"": 1}"	6144	6143	"{""200"": 6143, ""500"": 1}"
synthetic	nocache/c256/put	after	1	NA	178.0	106.7	1044522.0	1924936.0	5014708.0	1924933.0	NA	NA	NA	NA	NA	NA	NA	NA	NA	0	0	{}	6144	6144	"{""200"": 6144}"
synthetic	nocache/c256/put	after	2	NA	177.5	106.39	1050407.0	1885201.0	5201565.0	1885199.0	NA	NA	NA	NA	NA	NA	NA	NA	NA	0	0	{}	6144	6144	"{""200"": 6144}"
synthetic	nocache/c256/put	after	3	NA	175.6	105.25	1064443.0	1956211.0	5123237.0	1955156.0	NA	NA	NA	NA	NA	NA	NA	NA	NA	0	0	{}	6144	6144	"{""200"": 6144}"
synthetic	nocache/c32/get	before	1	NA	187.66	108.03	10612.0	339171.0	1341287.0	37309.0	NA	NA	NA	NA	NA	NA	NA	NA	NA	0	0	{}	768	768	"{""200"": 768}"
synthetic	nocache/c32/get	before	2	NA	187.37	107.87	11254.0	336266.0	1386991.0	36864.0	NA	NA	NA	NA	NA	NA	NA	NA	NA	0	0	{}	768	768	"{""200"": 768}"
synthetic	nocache/c32/get	before	3	NA	186.74	107.51	10878.0	357946.0	1515342.0	40650.0	NA	NA	NA	NA	NA	NA	NA	NA	NA	0	0	{}	768	768	"{""200"": 768}"
synthetic	nocache/c32/get	after	1	NA	181.85	104.69	27612.0	337875.0	1564235.0	39090.0	NA	NA	NA	NA	NA	NA	NA	NA	NA	0	0	{}	768	768	"{""200"": 768}"
synthetic	nocache/c32/get	after	2	NA	177.55	102.22	28148.0	334138.0	2047002.0	41132.0	NA	NA	NA	NA	NA	NA	NA	NA	NA	0	0	{}	768	768	"{""200"": 768}"
synthetic	nocache/c32/get	after	3	NA	182.63	105.14	25877.0	333636.0	1735297.0	39911.0	NA	NA	NA	NA	NA	NA	NA	NA	NA	0	0	{}	768	768	"{""200"": 768}"
synthetic	nocache/c32/head-hit	before	1	NA	5873.63	0.0	4554.0	9111.0	15502.0	9027.0	NA	NA	NA	NA	NA	NA	NA	NA	NA	0	0	{}	768	768	"{""200"": 768}"
synthetic	nocache/c32/head-hit	before	2	NA	6246.95	0.0	4505.0	8391.0	16465.0	8390.0	NA	NA	NA	NA	NA	NA	NA	NA	NA	0	0	{}	768	768	"{""200"": 768}"
synthetic	nocache/c32/head-hit	before	3	NA	6455.11	0.0	4329.0	8204.0	12283.0	8120.0	NA	NA	NA	NA	NA	NA	NA	NA	NA	0	0	{}	768	768	"{""200"": 768}"
synthetic	nocache/c32/head-hit	after	1	NA	5980.75	0.0	4584.0	9780.0	15476.0	9780.0	NA	NA	NA	NA	NA	NA	NA	NA	NA	0	0	{}	768	768	"{""200"": 768}"
synthetic	nocache/c32/head-hit	after	2	NA	6586.66	0.0	4652.0	7851.0	9763.0	7792.0	NA	NA	NA	NA	NA	NA	NA	NA	NA	0	0	{}	768	768	"{""200"": 768}"
synthetic	nocache/c32/head-hit	after	3	NA	6377.31	0.0	4595.0	8233.0	13267.0	8232.0	NA	NA	NA	NA	NA	NA	NA	NA	NA	0	0	{}	768	768	"{""200"": 768}"
synthetic	nocache/c32/head-miss	before	1	NA	4441.22	0.0	5365.0	16937.0	28631.0	16936.0	NA	NA	NA	NA	NA	NA	NA	NA	NA	0	0	{}	768	768	"{""404"": 768}"
synthetic	nocache/c32/head-miss	before	2	NA	7319.94	0.0	4627.0	6047.0	10832.0	6047.0	NA	NA	NA	NA	NA	NA	NA	NA	NA	0	0	{}	768	768	"{""404"": 768}"
synthetic	nocache/c32/head-miss	before	3	NA	9935.84	0.0	2669.0	5155.0	8079.0	4997.0	NA	NA	NA	NA	NA	NA	NA	NA	NA	0	0	{}	768	768	"{""404"": 768}"
synthetic	nocache/c32/head-miss	after	1	NA	6648.49	0.0	4556.0	6695.0	20296.0	6618.0	NA	NA	NA	NA	NA	NA	NA	NA	NA	0	0	{}	768	768	"{""404"": 768}"
synthetic	nocache/c32/head-miss	after	2	NA	6592.9	0.0	4950.0	6531.0	9332.0	6530.0	NA	NA	NA	NA	NA	NA	NA	NA	NA	0	0	{}	768	768	"{""404"": 768}"
synthetic	nocache/c32/head-miss	after	3	NA	8663.08	0.0	2958.0	5749.0	8225.0	5749.0	NA	NA	NA	NA	NA	NA	NA	NA	NA	0	0	{}	768	768	"{""404"": 768}"
synthetic	nocache/c32/mixed	before	1	NA	264.63	122.7	10032.0	265037.0	1111534.0	47837.0	NA	NA	NA	NA	NA	NA	NA	NA	NA	0	0	{}	768	768	"{""200"": 615, ""404"": 153}"
synthetic	nocache/c32/mixed	before	2	NA	262.66	121.79	10391.0	256739.0	1201094.0	43838.0	NA	NA	NA	NA	NA	NA	NA	NA	NA	0	0	{}	768	768	"{""200"": 615, ""404"": 153}"
synthetic	nocache/c32/mixed	before	3	NA	245.33	113.75	9399.0	292071.0	1367837.0	54559.0	NA	NA	NA	NA	NA	NA	NA	NA	NA	0	0	{}	768	768	"{""200"": 615, ""404"": 153}"
synthetic	nocache/c32/mixed	after	1	NA	237.67	110.2	21085.0	288715.0	1341382.0	51734.0	NA	NA	NA	NA	NA	NA	NA	NA	NA	0	0	{}	768	768	"{""200"": 615, ""404"": 153}"
synthetic	nocache/c32/mixed	after	2	NA	251.56	116.64	22060.0	271044.0	1151850.0	53023.0	NA	NA	NA	NA	NA	NA	NA	NA	NA	0	0	{}	768	768	"{""200"": 615, ""404"": 153}"
synthetic	nocache/c32/mixed	after	3	NA	241.67	112.05	23656.0	280159.0	1222501.0	52359.0	NA	NA	NA	NA	NA	NA	NA	NA	NA	0	0	{}	768	768	"{""200"": 615, ""404"": 153}"
synthetic	nocache/c32/put	before	1	NA	190.23	109.52	31312.0	316027.0	1744108.0	316023.0	NA	NA	NA	NA	NA	NA	NA	NA	NA	0	0	{}	768	768	"{""200"": 768}"
synthetic	nocache/c32/put	before	2	NA	185.96	107.06	35101.0	333183.0	1223986.0	333180.0	NA	NA	NA	NA	NA	NA	NA	NA	NA	0	0	{}	768	768	"{""200"": 768}"
synthetic	nocache/c32/put	before	3	NA	181.45	104.46	73656.0	410751.0	1002574.0	410750.0	NA	NA	NA	NA	NA	NA	NA	NA	NA	0	0	{}	768	768	"{""200"": 768}"
synthetic	nocache/c32/put	after	1	NA	179.44	103.31	133136.0	255314.0	1035403.0	255310.0	NA	NA	NA	NA	NA	NA	NA	NA	NA	0	0	{}	768	768	"{""200"": 768}"
synthetic	nocache/c32/put	after	2	NA	178.23	102.61	132108.0	239579.0	858948.0	239578.0	NA	NA	NA	NA	NA	NA	NA	NA	NA	0	0	{}	768	768	"{""200"": 768}"
synthetic	nocache/c32/put	after	3	NA	184.8	106.39	134688.0	241887.0	1071471.0	241884.0	NA	NA	NA	NA	NA	NA	NA	NA	NA	0	0	{}	768	768	"{""200"": 768}"
synthetic	nocache/c64/get	before	1	NA	180.85	108.4	121533.0	956157.0	2894263.0	397960.0	NA	NA	NA	NA	NA	NA	NA	NA	NA	0	0	{}	1536	1536	"{""200"": 1536}"
synthetic	nocache/c64/get	before	2	NA	178.45	106.96	116050.0	949372.0	2961265.0	453050.0	NA	NA	NA	NA	NA	NA	NA	NA	NA	0	0	{}	1536	1536	"{""200"": 1536}"
synthetic	nocache/c64/get	before	3	NA	180.49	108.19	117023.0	966479.0	3353961.0	423301.0	NA	NA	NA	NA	NA	NA	NA	NA	NA	0	0	{}	1536	1536	"{""200"": 1536}"
synthetic	nocache/c64/get	after	1	NA	173.9	104.24	120921.0	995047.0	2679426.0	466101.0	NA	NA	NA	NA	NA	NA	NA	NA	NA	0	0	{}	1536	1536	"{""200"": 1536}"
synthetic	nocache/c64/get	after	2	NA	174.03	104.32	123779.0	1045719.0	2755782.0	408738.0	NA	NA	NA	NA	NA	NA	NA	NA	NA	0	0	{}	1536	1536	"{""200"": 1536}"
synthetic	nocache/c64/get	after	3	NA	173.81	104.18	127290.0	981479.0	3083574.0	431123.0	NA	NA	NA	NA	NA	NA	NA	NA	NA	0	0	{}	1536	1536	"{""200"": 1536}"
synthetic	nocache/c64/head-hit	before	1	NA	6220.39	0.0	9703.0	15271.0	21786.0	15137.0	NA	NA	NA	NA	NA	NA	NA	NA	NA	0	0	{}	1536	1536	"{""200"": 1536}"
synthetic	nocache/c64/head-hit	before	2	NA	6465.14	0.0	9594.0	13481.0	18645.0	13412.0	NA	NA	NA	NA	NA	NA	NA	NA	NA	0	0	{}	1536	1536	"{""200"": 1536}"
synthetic	nocache/c64/head-hit	before	3	NA	6269.0	0.0	8933.0	14606.0	23142.0	14596.0	NA	NA	NA	NA	NA	NA	NA	NA	NA	0	0	{}	1536	1536	"{""200"": 1536}"
synthetic	nocache/c64/head-hit	after	1	NA	6093.55	0.0	10011.0	15302.0	21704.0	15297.0	NA	NA	NA	NA	NA	NA	NA	NA	NA	0	0	{}	1536	1536	"{""200"": 1536}"
synthetic	nocache/c64/head-hit	after	2	NA	6627.79	0.0	8806.0	13786.0	18832.0	13785.0	NA	NA	NA	NA	NA	NA	NA	NA	NA	0	0	{}	1536	1536	"{""200"": 1536}"
synthetic	nocache/c64/head-hit	after	3	NA	6226.57	0.0	8727.0	15403.0	21001.0	15260.0	NA	NA	NA	NA	NA	NA	NA	NA	NA	0	0	{}	1536	1536	"{""200"": 1536}"
synthetic	nocache/c64/head-miss	before	1	NA	6451.57	0.0	10035.0	13393.0	16468.0	13392.0	NA	NA	NA	NA	NA	NA	NA	NA	NA	0	0	{}	1536	1536	"{""404"": 1536}"
synthetic	nocache/c64/head-miss	before	2	NA	9725.5	0.0	5325.0	11302.0	20491.0	11263.0	NA	NA	NA	NA	NA	NA	NA	NA	NA	0	0	{}	1536	1536	"{""404"": 1536}"
synthetic	nocache/c64/head-miss	before	3	NA	7832.94	0.0	8827.0	10806.0	13176.0	10788.0	NA	NA	NA	NA	NA	NA	NA	NA	NA	0	0	{}	1536	1536	"{""404"": 1536}"
synthetic	nocache/c64/head-miss	after	1	NA	6368.79	0.0	9330.0	13461.0	23836.0	13457.0	NA	NA	NA	NA	NA	NA	NA	NA	NA	0	0	{}	1536	1536	"{""404"": 1536}"
synthetic	nocache/c64/head-miss	after	2	NA	6488.18	0.0	9894.0	12134.0	15642.0	12128.0	NA	NA	NA	NA	NA	NA	NA	NA	NA	0	0	{}	1536	1536	"{""404"": 1536}"
synthetic	nocache/c64/head-miss	after	3	NA	6790.66	0.0	9670.0	13699.0	16838.0	13698.0	NA	NA	NA	NA	NA	NA	NA	NA	NA	0	0	{}	1536	1536	"{""404"": 1536}"
synthetic	nocache/c64/mixed	before	1	NA	247.54	119.45	41105.0	728954.0	2108826.0	280998.0	NA	NA	NA	NA	NA	NA	NA	NA	NA	0	0	{}	1536	1536	"{""200"": 1230, ""404"": 306}"
synthetic	nocache/c64/mixed	before	2	NA	247.69	119.52	41858.0	626849.0	1956740.0	304251.0	NA	NA	NA	NA	NA	NA	NA	NA	NA	0	0	{}	1536	1536	"{""200"": 1230, ""404"": 306}"
synthetic	nocache/c64/mixed	before	3	NA	242.08	116.81	34705.0	665115.0	2194163.0	278030.0	NA	NA	NA	NA	NA	NA	NA	NA	NA	0	0	{}	1536	1536	"{""200"": 1230, ""404"": 306}"
synthetic	nocache/c64/mixed	after	1	NA	235.06	113.43	66067.0	741491.0	2043394.0	326833.0	NA	NA	NA	NA	NA	NA	NA	NA	NA	0	0	{}	1536	1536	"{""200"": 1230, ""404"": 306}"
synthetic	nocache/c64/mixed	after	2	NA	229.91	110.94	76347.0	712609.0	1929394.0	343178.0	NA	NA	NA	NA	NA	NA	NA	NA	NA	0	0	{}	1536	1536	"{""200"": 1230, ""404"": 306}"
synthetic	nocache/c64/mixed	after	3	NA	236.29	114.02	64520.0	686258.0	2204534.0	303138.0	NA	NA	NA	NA	NA	NA	NA	NA	NA	0	0	{}	1536	1536	"{""200"": 1230, ""404"": 306}"
synthetic	nocache/c64/put	before	1	NA	183.39	109.93	67966.0	917176.0	3136671.0	917171.0	NA	NA	NA	NA	NA	NA	NA	NA	NA	0	0	{}	1536	1536	"{""200"": 1536}"
synthetic	nocache/c64/put	before	2	NA	181.68	108.9	70016.0	920718.0	3066692.0	920716.0	NA	NA	NA	NA	NA	NA	NA	NA	NA	0	0	{}	1536	1536	"{""200"": 1536}"
synthetic	nocache/c64/put	before	3	NA	174.08	104.35	127558.0	840495.0	2527485.0	840493.0	NA	NA	NA	NA	NA	NA	NA	NA	NA	0	0	{}	1536	1536	"{""200"": 1536}"
synthetic	nocache/c64/put	after	1	NA	180.16	107.99	271111.0	569250.0	1595989.0	569248.0	NA	NA	NA	NA	NA	NA	NA	NA	NA	0	0	{}	1536	1536	"{""200"": 1536}"
synthetic	nocache/c64/put	after	2	NA	172.65	103.49	263692.0	677202.0	1928775.0	677199.0	NA	NA	NA	NA	NA	NA	NA	NA	NA	0	0	{}	1536	1536	"{""200"": 1536}"
synthetic	nocache/c64/put	after	3	NA	173.38	103.92	254524.0	625478.0	1964367.0	624679.0	NA	NA	NA	NA	NA	NA	NA	NA	NA	0	0	{}	1536	1536	"{""200"": 1536}"
synthetic	nocache/c8/get	before	1	NA	178.26	106.85	7974.0	87259.0	474970.0	16469.0	NA	NA	NA	NA	NA	NA	NA	NA	NA	0	0	{}	512	512	"{""200"": 512}"
synthetic	nocache/c8/get	before	2	NA	179.94	107.86	7357.0	89679.0	402026.0	16433.0	NA	NA	NA	NA	NA	NA	NA	NA	NA	0	0	{}	512	512	"{""200"": 512}"
synthetic	nocache/c8/get	before	3	NA	173.04	103.72	7150.0	84378.0	412355.0	16148.0	NA	NA	NA	NA	NA	NA	NA	NA	NA	0	0	{}	512	512	"{""200"": 512}"
synthetic	nocache/c8/get	after	1	NA	175.46	105.17	9870.0	79326.0	471468.0	15564.0	NA	NA	NA	NA	NA	NA	NA	NA	NA	0	0	{}	512	512	"{""200"": 512}"
synthetic	nocache/c8/get	after	2	NA	170.53	102.22	10530.0	89079.0	420871.0	17269.0	NA	NA	NA	NA	NA	NA	NA	NA	NA	0	0	{}	512	512	"{""200"": 512}"
synthetic	nocache/c8/get	after	3	NA	172.82	103.59	9732.0	83376.0	396358.0	15970.0	NA	NA	NA	NA	NA	NA	NA	NA	NA	0	0	{}	512	512	"{""200"": 512}"
synthetic	nocache/c8/head-hit	before	1	NA	5832.52	0.0	917.0	2267.0	9024.0	2266.0	NA	NA	NA	NA	NA	NA	NA	NA	NA	0	0	{}	512	512	"{""200"": 512}"
synthetic	nocache/c8/head-hit	before	2	NA	4250.01	0.0	1101.0	3854.0	12902.0	3809.0	NA	NA	NA	NA	NA	NA	NA	NA	NA	0	0	{}	512	512	"{""200"": 512}"
synthetic	nocache/c8/head-hit	before	3	NA	5841.36	0.0	900.0	2512.0	7801.0	2446.0	NA	NA	NA	NA	NA	NA	NA	NA	NA	0	0	{}	512	512	"{""200"": 512}"
synthetic	nocache/c8/head-hit	after	1	NA	6475.53	0.0	945.0	2104.0	4316.0	2030.0	NA	NA	NA	NA	NA	NA	NA	NA	NA	0	0	{}	512	512	"{""200"": 512}"
synthetic	nocache/c8/head-hit	after	2	NA	5235.31	0.0	919.0	2650.0	13677.0	2593.0	NA	NA	NA	NA	NA	NA	NA	NA	NA	0	0	{}	512	512	"{""200"": 512}"
synthetic	nocache/c8/head-hit	after	3	NA	6619.65	0.0	920.0	2140.0	3499.0	2131.0	NA	NA	NA	NA	NA	NA	NA	NA	NA	0	0	{}	512	512	"{""200"": 512}"
synthetic	nocache/c8/head-miss	before	1	NA	11134.82	0.0	557.0	953.0	3560.0	952.0	NA	NA	NA	NA	NA	NA	NA	NA	NA	0	0	{}	512	512	"{""404"": 512}"
synthetic	nocache/c8/head-miss	before	2	NA	9978.4	0.0	640.0	990.0	6946.0	982.0	NA	NA	NA	NA	NA	NA	NA	NA	NA	0	0	{}	512	512	"{""404"": 512}"
synthetic	nocache/c8/head-miss	before	3	NA	10492.98	0.0	627.0	1166.0	2307.0	1137.0	NA	NA	NA	NA	NA	NA	NA	NA	NA	0	0	{}	512	512	"{""404"": 512}"
synthetic	nocache/c8/head-miss	after	1	NA	11550.49	0.0	619.0	941.0	1793.0	918.0	NA	NA	NA	NA	NA	NA	NA	NA	NA	0	0	{}	512	512	"{""404"": 512}"
synthetic	nocache/c8/head-miss	after	2	NA	4371.99	0.0	825.0	4194.0	13578.0	4193.0	NA	NA	NA	NA	NA	NA	NA	NA	NA	0	0	{}	512	512	"{""404"": 512}"
synthetic	nocache/c8/head-miss	after	3	NA	11407.44	0.0	630.0	949.0	1963.0	948.0	NA	NA	NA	NA	NA	NA	NA	NA	NA	0	0	{}	512	512	"{""404"": 512}"
synthetic	nocache/c8/mixed	before	1	NA	233.08	112.27	6437.0	78115.0	248654.0	19935.0	NA	NA	NA	NA	NA	NA	NA	NA	NA	0	0	{}	512	512	"{""200"": 410, ""404"": 102}"
synthetic	nocache/c8/mixed	before	2	NA	235.83	113.59	6202.0	72514.0	291590.0	17291.0	NA	NA	NA	NA	NA	NA	NA	NA	NA	0	0	{}	512	512	"{""200"": 410, ""404"": 102}"
synthetic	nocache/c8/mixed	before	3	NA	235.55	113.45	5970.0	76059.0	328424.0	16483.0	NA	NA	NA	NA	NA	NA	NA	NA	NA	0	0	{}	512	512	"{""200"": 410, ""404"": 102}"
synthetic	nocache/c8/mixed	after	1	NA	214.16	103.15	8297.0	75107.0	352412.0	26708.0	NA	NA	NA	NA	NA	NA	NA	NA	NA	0	0	{}	512	512	"{""200"": 410, ""404"": 102}"
synthetic	nocache/c8/mixed	after	2	NA	228.92	110.26	8039.0	70843.0	279972.0	25416.0	NA	NA	NA	NA	NA	NA	NA	NA	NA	0	0	{}	512	512	"{""200"": 410, ""404"": 102}"
synthetic	nocache/c8/mixed	after	3	NA	232.16	111.82	7800.0	71050.0	278524.0	26735.0	NA	NA	NA	NA	NA	NA	NA	NA	NA	0	0	{}	512	512	"{""200"": 410, ""404"": 102}"
synthetic	nocache/c8/put	before	1	NA	161.94	97.07	22686.0	114605.0	403654.0	114602.0	NA	NA	NA	NA	NA	NA	NA	NA	NA	0	0	{}	512	512	"{""200"": 512}"
synthetic	nocache/c8/put	before	2	NA	144.75	86.77	23733.0	122306.0	408861.0	122303.0	NA	NA	NA	NA	NA	NA	NA	NA	NA	0	0	{}	512	512	"{""200"": 512}"
synthetic	nocache/c8/put	before	3	NA	152.73	91.55	24230.0	117763.0	396145.0	117760.0	NA	NA	NA	NA	NA	NA	NA	NA	NA	0	0	{}	512	512	"{""200"": 512}"
synthetic	nocache/c8/put	after	1	NA	143.47	86.0	40718.0	101647.0	360569.0	101501.0	NA	NA	NA	NA	NA	NA	NA	NA	NA	0	0	{}	512	512	"{""200"": 512}"
synthetic	nocache/c8/put	after	2	NA	147.46	88.39	44029.0	97134.0	330345.0	97132.0	NA	NA	NA	NA	NA	NA	NA	NA	NA	0	0	{}	512	512	"{""200"": 512}"
synthetic	nocache/c8/put	after	3	NA	131.65	78.91	42379.0	106248.0	380297.0	106246.0	NA	NA	NA	NA	NA	NA	NA	NA	NA	0	0	{}	512	512	"{""200"": 512}"
synthetic	nospill/c1/get	before	1	NA	1435.92	860.7	605.0	840.0	2549.0	690.0	NA	NA	NA	NA	NA	NA	NA	NA	NA	0	0	{}	512	512	"{""200"": 512}"
synthetic	nospill/c1/get	before	2	NA	986.41	591.27	741.0	1422.0	6772.0	1001.0	NA	NA	NA	NA	NA	NA	NA	NA	NA	0	0	{}	512	512	"{""200"": 512}"
synthetic	nospill/c1/get	before	3	NA	862.23	516.83	852.0	1549.0	7972.0	1185.0	NA	NA	NA	NA	NA	NA	NA	NA	NA	0	0	{}	512	512	"{""200"": 512}"
synthetic	nospill/c1/get	after	1	NA	1445.65	866.54	591.0	792.0	3347.0	621.0	NA	NA	NA	NA	NA	NA	NA	NA	NA	0	0	{}	512	512	"{""200"": 512}"
synthetic	nospill/c1/get	after	2	NA	1439.39	862.79	591.0	838.0	2637.0	662.0	NA	NA	NA	NA	NA	NA	NA	NA	NA	0	0	{}	512	512	"{""200"": 512}"
synthetic	nospill/c1/get	after	3	NA	1532.54	918.62	580.0	724.0	2315.0	623.0	NA	NA	NA	NA	NA	NA	NA	NA	NA	0	0	{}	512	512	"{""200"": 512}"
synthetic	nospill/c1/head-hit	before	1	NA	1243.44	0.0	747.0	849.0	2427.0	848.0	NA	NA	NA	NA	NA	NA	NA	NA	NA	0	0	{}	512	512	"{""200"": 512}"
synthetic	nospill/c1/head-hit	before	2	NA	1261.27	0.0	730.0	876.0	2300.0	875.0	NA	NA	NA	NA	NA	NA	NA	NA	NA	0	0	{}	512	512	"{""200"": 512}"
synthetic	nospill/c1/head-hit	before	3	NA	1049.85	0.0	768.0	1399.0	3753.0	1392.0	NA	NA	NA	NA	NA	NA	NA	NA	NA	0	0	{}	512	512	"{""200"": 512}"
synthetic	nospill/c1/head-hit	after	1	NA	1402.39	0.0	702.0	784.0	898.0	783.0	NA	NA	NA	NA	NA	NA	NA	NA	NA	0	0	{}	512	512	"{""200"": 512}"
synthetic	nospill/c1/head-hit	after	2	NA	1258.26	0.0	734.0	847.0	1313.0	844.0	NA	NA	NA	NA	NA	NA	NA	NA	NA	0	0	{}	512	512	"{""200"": 512}"
synthetic	nospill/c1/head-hit	after	3	NA	1576.5	0.0	624.0	698.0	874.0	698.0	NA	NA	NA	NA	NA	NA	NA	NA	NA	0	0	{}	512	512	"{""200"": 512}"
synthetic	nospill/c1/head-miss	before	1	NA	2063.2	0.0	442.0	571.0	703.0	569.0	NA	NA	NA	NA	NA	NA	NA	NA	NA	0	0	{}	512	512	"{""404"": 512}"
synthetic	nospill/c1/head-miss	before	2	NA	1889.41	0.0	467.0	563.0	1267.0	562.0	NA	NA	NA	NA	NA	NA	NA	NA	NA	0	0	{}	512	512	"{""404"": 512}"
synthetic	nospill/c1/head-miss	before	3	NA	1733.02	0.0	560.0	666.0	2154.0	661.0	NA	NA	NA	NA	NA	NA	NA	NA	NA	0	0	{}	512	512	"{""404"": 512}"
synthetic	nospill/c1/head-miss	after	1	NA	1816.6	0.0	525.0	626.0	1210.0	626.0	NA	NA	NA	NA	NA	NA	NA	NA	NA	0	0	{}	512	512	"{""404"": 512}"
synthetic	nospill/c1/head-miss	after	2	NA	1946.82	0.0	493.0	568.0	1112.0	568.0	NA	NA	NA	NA	NA	NA	NA	NA	NA	0	0	{}	512	512	"{""404"": 512}"
synthetic	nospill/c1/head-miss	after	3	NA	1222.69	0.0	598.0	813.0	6458.0	812.0	NA	NA	NA	NA	NA	NA	NA	NA	NA	0	0	{}	512	512	"{""404"": 512}"
synthetic	nospill/c1/mixed	before	1	NA	689.39	332.05	764.0	2917.0	13784.0	2783.0	NA	NA	NA	NA	NA	NA	NA	NA	NA	0	0	{}	512	512	"{""200"": 410, ""404"": 102}"
synthetic	nospill/c1/mixed	before	2	NA	525.6	253.16	794.0	3130.0	20596.0	2858.0	NA	NA	NA	NA	NA	NA	NA	NA	NA	0	0	{}	512	512	"{""200"": 410, ""404"": 102}"
synthetic	nospill/c1/mixed	before	3	NA	564.09	271.7	881.0	3488.0	16920.0	2913.0	NA	NA	NA	NA	NA	NA	NA	NA	NA	0	0	{}	512	512	"{""200"": 410, ""404"": 102}"
synthetic	nospill/c1/mixed	after	1	NA	576.08	277.47	836.0	3286.0	16478.0	2993.0	NA	NA	NA	NA	NA	NA	NA	NA	NA	0	0	{}	512	512	"{""200"": 410, ""404"": 102}"
synthetic	nospill/c1/mixed	after	2	NA	537.85	259.06	797.0	3350.0	19014.0	3261.0	NA	NA	NA	NA	NA	NA	NA	NA	NA	0	0	{}	512	512	"{""200"": 410, ""404"": 102}"
synthetic	nospill/c1/mixed	after	3	NA	651.11	313.61	832.0	2732.0	18782.0	2063.0	NA	NA	NA	NA	NA	NA	NA	NA	NA	0	0	{}	512	512	"{""200"": 410, ""404"": 102}"
synthetic	nospill/c1/put	before	1	NA	5339.34	3200.46	73.0	323.0	2478.0	320.0	NA	NA	NA	NA	NA	NA	NA	NA	NA	0	0	{}	512	512	"{""200"": 512}"
synthetic	nospill/c1/put	before	2	NA	6079.97	3644.4	65.0	291.0	2642.0	290.0	NA	NA	NA	NA	NA	NA	NA	NA	NA	0	0	{}	512	512	"{""200"": 512}"
synthetic	nospill/c1/put	before	3	NA	5769.22	3458.13	66.0	294.0	3075.0	292.0	NA	NA	NA	NA	NA	NA	NA	NA	NA	0	0	{}	512	512	"{""200"": 512}"
synthetic	nospill/c1/put	after	1	NA	5990.48	3590.76	70.0	322.0	2268.0	314.0	NA	NA	NA	NA	NA	NA	NA	NA	NA	0	0	{}	512	512	"{""200"": 512}"
synthetic	nospill/c1/put	after	2	NA	7018.5	4206.96	54.0	258.0	2076.0	254.0	NA	NA	NA	NA	NA	NA	NA	NA	NA	0	0	{}	512	512	"{""200"": 512}"
synthetic	nospill/c1/put	after	3	NA	5803.33	3478.58	67.0	299.0	2304.0	297.0	NA	NA	NA	NA	NA	NA	NA	NA	NA	0	0	{}	512	512	"{""200"": 512}"
synthetic	nospill/c128/get	before	1	NA	6919.46	4147.6	2570.0	26479.0	208920.0	23858.0	NA	NA	NA	NA	NA	NA	NA	NA	NA	0	0	{}	3072	3072	"{""200"": 3072}"
synthetic	nospill/c128/get	before	2	NA	9186.91	5506.74	3125.0	21999.0	179235.0	19605.0	NA	NA	NA	NA	NA	NA	NA	NA	NA	0	0	{}	3072	3072	"{""200"": 3072}"
synthetic	nospill/c128/get	before	3	NA	6676.79	4002.14	2053.0	26556.0	226470.0	25617.0	NA	NA	NA	NA	NA	NA	NA	NA	NA	0	0	{}	3072	3072	"{""200"": 3072}"
synthetic	nospill/c128/get	after	1	NA	8423.7	5049.26	3617.0	20254.0	177380.0	14389.0	NA	NA	NA	NA	NA	NA	NA	NA	NA	0	0	{}	3072	3072	"{""200"": 3072}"
synthetic	nospill/c128/get	after	2	NA	2428.8	1455.85	4534.0	17472.0	240831.0	11938.0	NA	NA	NA	NA	NA	NA	NA	NA	NA	0	0	{}	3072	3072	"{""200"": 3072}"
synthetic	nospill/c128/get	after	3	NA	9029.11	5412.15	4251.0	21398.0	133302.0	16626.0	NA	NA	NA	NA	NA	NA	NA	NA	NA	0	0	{}	3072	3072	"{""200"": 3072}"
synthetic	nospill/c128/head-hit	before	1	NA	13380.24	0.0	139.0	22382.0	34039.0	22165.0	NA	NA	NA	NA	NA	NA	NA	NA	NA	0	0	{}	3072	3072	"{""200"": 3072}"
synthetic	nospill/c128/head-hit	before	2	NA	9259.31	0.0	107.0	31385.0	75632.0	31384.0	NA	NA	NA	NA	NA	NA	NA	NA	NA	0	0	{}	3072	3072	"{""200"": 3072}"
synthetic	nospill/c128/head-hit	before	3	NA	14185.46	0.0	111.0	28895.0	63966.0	28895.0	NA	NA	NA	NA	NA	NA	NA	NA	NA	0	0	{}	3072	3072	"{""200"": 3072}"
synthetic	nospill/c128/head-hit	after	1	NA	11568.41	0.0	77.0	31740.0	86112.0	31738.0	NA	NA	NA	NA	NA	NA	NA	NA	NA	0	0	{}	3072	3072	"{""200"": 3072}"
synthetic	nospill/c128/head-hit	after	2	NA	22153.13	0.0	110.0	17643.0	34522.0	17642.0	NA	NA	NA	NA	NA	NA	NA	NA	NA	0	0	{}	3072	3072	"{""200"": 3072}"
synthetic	nospill/c128/head-hit	after	3	NA	17874.95	0.0	103.0	20904.0	34250.0	20903.0	NA	NA	NA	NA	NA	NA	NA	NA	NA	0	0	{}	3072	3072	"{""200"": 3072}"
synthetic	nospill/c128/head-miss	before	1	NA	6013.71	0.0	19992.0	34712.0	60888.0	34650.0	NA	NA	NA	NA	NA	NA	NA	NA	NA	0	0	{}	3072	3072	"{""404"": 3072}"
synthetic	nospill/c128/head-miss	before	2	NA	5310.13	0.0	21762.0	38223.0	56774.0	37646.0	NA	NA	NA	NA	NA	NA	NA	NA	NA	0	0	{}	3072	3072	"{""404"": 3072}"
synthetic	nospill/c128/head-miss	before	3	NA	4653.09	0.0	20559.0	48766.0	81435.0	48765.0	NA	NA	NA	NA	NA	NA	NA	NA	NA	0	0	{}	3072	3072	"{""404"": 3072}"
synthetic	nospill/c128/head-miss	after	1	NA	5555.15	0.0	20987.0	32050.0	41319.0	31809.0	NA	NA	NA	NA	NA	NA	NA	NA	NA	0	0	{}	3072	3072	"{""404"": 3072}"
synthetic	nospill/c128/head-miss	after	2	NA	6632.29	0.0	18941.0	23762.0	29764.0	23757.0	NA	NA	NA	NA	NA	NA	NA	NA	NA	0	0	{}	3072	3072	"{""404"": 3072}"
synthetic	nospill/c128/head-miss	after	3	NA	6060.91	0.0	19864.0	28066.0	59131.0	28065.0	NA	NA	NA	NA	NA	NA	NA	NA	NA	0	0	{}	3072	3072	"{""404"": 3072}"
synthetic	nospill/c128/mixed	before	1	NA	853.56	409.63	2106.0	98307.0	1104838.0	72172.0	NA	NA	NA	NA	NA	NA	NA	NA	NA	0	0	{}	3072	3072	"{""200"": 2458, ""404"": 614}"
synthetic	nospill/c128/mixed	before	2	NA	839.12	402.7	716.0	46415.0	1380320.0	44067.0	NA	NA	NA	NA	NA	NA	NA	NA	NA	0	0	{}	3072	3072	"{""200"": 2458, ""404"": 614}"
synthetic	nospill/c128/mixed	before	3	NA	540.43	259.36	669.0	59390.0	1407036.0	49571.0	NA	NA	NA	NA	NA	NA	NA	NA	NA	0	0	{}	3072	3072	"{""200"": 2458, ""404"": 614}"
synthetic	nospill/c128/mixed	after	1	NA	1239.71	594.95	2076.0	118233.0	1118445.0	102792.0	NA	NA	NA	NA	NA	NA	NA	NA	NA	0	0	{}	3072	3072	"{""200"": 2458, ""404"": 614}"
synthetic	nospill/c128/mixed	after	2	NA	2333.39	1119.81	2430.0	95181.0	566303.0	77824.0	NA	NA	NA	NA	NA	NA	NA	NA	NA	0	0	{}	3072	3072	"{""200"": 2458, ""404"": 614}"
synthetic	nospill/c128/mixed	after	3	NA	1310.47	628.9	656.0	92145.0	1114718.0	86288.0	NA	NA	NA	NA	NA	NA	NA	NA	NA	0	0	{}	3072	3072	"{""200"": 2458, ""404"": 614}"
synthetic	nospill/c128/put	before	1	NA	11861.64	7110.0	9479.0	11523.0	45284.0	11521.0	NA	NA	NA	NA	NA	NA	NA	NA	NA	0	0	{}	3072	3072	"{""200"": 3072}"
synthetic	nospill/c128/put	before	2	NA	11933.93	7153.33	9408.0	11381.0	45810.0	11378.0	NA	NA	NA	NA	NA	NA	NA	NA	NA	0	0	{}	3072	3072	"{""200"": 3072}"
synthetic	nospill/c128/put	before	3	NA	12244.06	7339.23	9118.0	11328.0	44423.0	11326.0	NA	NA	NA	NA	NA	NA	NA	NA	NA	0	0	{}	3072	3072	"{""200"": 3072}"
synthetic	nospill/c128/put	after	1	NA	12059.28	7228.47	9224.0	11006.0	46409.0	11004.0	NA	NA	NA	NA	NA	NA	NA	NA	NA	0	0	{}	3072	3072	"{""200"": 3072}"
synthetic	nospill/c128/put	after	2	NA	11946.04	7160.59	9239.0	11508.0	45129.0	11506.0	NA	NA	NA	NA	NA	NA	NA	NA	NA	0	0	{}	3072	3072	"{""200"": 3072}"
synthetic	nospill/c128/put	after	3	NA	11997.43	7191.39	9391.0	11321.0	46403.0	11320.0	NA	NA	NA	NA	NA	NA	NA	NA	NA	0	0	{}	3072	3072	"{""200"": 3072}"
synthetic	nospill/c256/get	before	1	NA	10815.63	6483.01	6926.0	63673.0	223137.0	62353.0	NA	NA	NA	NA	NA	NA	NA	NA	NA	0	0	{}	6144	6144	"{""200"": 6144}"
synthetic	nospill/c256/get	before	2	NA	10744.38	6440.3	3805.0	54221.0	231099.0	50678.0	NA	NA	NA	NA	NA	NA	NA	NA	NA	0	0	{}	6144	6144	"{""200"": 6144}"
synthetic	nospill/c256/get	before	3	NA	7309.38	4381.33	21567.0	80188.0	228516.0	79959.0	NA	NA	NA	NA	NA	NA	NA	NA	NA	0	0	{}	6144	6144	"{""200"": 6144}"
synthetic	nospill/c256/get	after	1	NA	12689.85	7606.43	16119.0	38461.0	104948.0	32655.0	NA	NA	NA	NA	NA	NA	NA	NA	NA	0	0	{}	6144	6144	"{""200"": 6144}"
synthetic	nospill/c256/get	after	2	NA	4790.41	2871.42	14265.0	34751.0	753757.0	20144.0	NA	NA	NA	NA	NA	NA	NA	NA	NA	0	0	{}	6144	6144	"{""200"": 6144}"
synthetic	nospill/c256/get	after	3	NA	9742.02	5839.47	9767.0	62809.0	255866.0	59044.0	NA	NA	NA	NA	NA	NA	NA	NA	NA	0	0	{}	6144	6144	"{""200"": 6144}"
synthetic	nospill/c256/head-hit	before	1	NA	10061.42	0.0	32010.0	50584.0	87274.0	50470.0	NA	NA	NA	NA	NA	NA	NA	NA	NA	0	0	{}	6144	6144	"{""200"": 6144}"
synthetic	nospill/c256/head-hit	before	2	NA	18789.09	0.0	112.0	46879.0	75133.0	45892.0	NA	NA	NA	NA	NA	NA	NA	NA	NA	0	0	{}	6144	6144	"{""200"": 6144}"
synthetic	nospill/c256/head-hit	before	3	NA	7980.54	0.0	35115.0	59506.0	74546.0	59499.0	NA	NA	NA	NA	NA	NA	NA	NA	NA	0	0	{}	6144	6144	"{""200"": 6144}"
synthetic	nospill/c256/head-hit	after	1	NA	10906.85	0.0	480.0	58060.0	102387.0	57164.0	NA	NA	NA	NA	NA	NA	NA	NA	NA	0	0	{}	6144	6144	"{""200"": 6144}"
synthetic	nospill/c256/head-hit	after	2	NA	15268.47	0.0	207.0	49920.0	64947.0	49434.0	NA	NA	NA	NA	NA	NA	NA	NA	NA	0	0	{}	6144	6144	"{""200"": 6144}"
synthetic	nospill/c256/head-hit	after	3	NA	12938.53	0.0	228.0	50873.0	80137.0	50270.0	NA	NA	NA	NA	NA	NA	NA	NA	NA	0	0	{}	6144	6144	"{""200"": 6144}"
synthetic	nospill/c256/head-miss	before	1	NA	6673.43	0.0	38435.0	43578.0	60808.0	43116.0	NA	NA	NA	NA	NA	NA	NA	NA	NA	0	0	{}	6144	6144	"{""404"": 6144}"
synthetic	nospill/c256/head-miss	before	2	NA	6298.87	0.0	39070.0	53169.0	71484.0	52324.0	NA	NA	NA	NA	NA	NA	NA	NA	NA	0	0	{}	6144	6144	"{""404"": 6144}"
synthetic	nospill/c256/head-miss	before	3	NA	5827.07	0.0	42013.0	57907.0	74599.0	57158.0	NA	NA	NA	NA	NA	NA	NA	NA	NA	0	0	{}	6144	6144	"{""404"": 6144}"
synthetic	nospill/c256/head-miss	after	1	NA	5341.1	0.0	40112.0	79699.0	143663.0	76812.0	NA	NA	NA	NA	NA	NA	NA	NA	NA	0	0	{}	6144	6144	"{""404"": 6144}"
synthetic	nospill/c256/head-miss	after	2	NA	6541.26	0.0	38497.0	48083.0	79154.0	47636.0	NA	NA	NA	NA	NA	NA	NA	NA	NA	0	0	{}	6144	6144	"{""404"": 6144}"
synthetic	nospill/c256/head-miss	after	3	NA	6912.41	0.0	38057.0	50877.0	92288.0	49205.0	NA	NA	NA	NA	NA	NA	NA	NA	NA	0	0	{}	6144	6144	"{""404"": 6144}"
synthetic	nospill/c256/mixed	before	1	NA	1379.77	660.5	25981.0	131032.0	797872.0	118092.0	NA	NA	NA	NA	NA	NA	NA	NA	NA	0	0	{}	6144	6144	"{""200"": 4916, ""404"": 1228}"
synthetic	nospill/c256/mixed	before	2	NA	1166.21	558.27	564.0	90229.0	1311718.0	84517.0	NA	NA	NA	NA	NA	NA	NA	NA	NA	0	0	{}	6144	6144	"{""200"": 4916, ""404"": 1228}"
synthetic	nospill/c256/mixed	before	3	NA	3658.69	1751.43	23577.0	218714.0	695228.0	187755.0	NA	NA	NA	NA	NA	NA	NA	NA	NA	0	0	{}	6144	6144	"{""200"": 4916, ""404"": 1228}"
synthetic	nospill/c256/mixed	after	1	NA	1469.75	703.57	6196.0	203684.0	1151869.0	158226.0	NA	NA	NA	NA	NA	NA	NA	NA	NA	0	0	{}	6144	6144	"{""200"": 4916, ""404"": 1228}"
synthetic	nospill/c256/mixed	after	2	NA	3250.87	1556.21	2193.0	157287.0	933385.0	135883.0	NA	NA	NA	NA	NA	NA	NA	NA	NA	0	0	{}	6144	6144	"{""200"": 4916, ""404"": 1228}"
synthetic	nospill/c256/mixed	after	3	NA	3122.2	1494.61	4322.0	133637.0	1196439.0	127522.0	NA	NA	NA	NA	NA	NA	NA	NA	NA	0	0	{}	6144	6144	"{""200"": 4916, ""404"": 1228}"
synthetic	nospill/c256/put	before	1	NA	10567.94	6334.54	21319.0	29803.0	103532.0	24976.0	NA	NA	NA	NA	NA	NA	NA	NA	NA	0	0	{}	6144	6144	"{""200"": 6144}"
synthetic	nospill/c256/put	before	2	NA	10874.94	6518.56	20580.0	26159.0	103799.0	24080.0	NA	NA	NA	NA	NA	NA	NA	NA	NA	0	0	{}	6144	6144	"{""200"": 6144}"
synthetic	nospill/c256/put	before	3	NA	8283.16	4965.02	18220.0	30293.0	128575.0	27117.0	NA	NA	NA	NA	NA	NA	NA	NA	NA	0	0	{}	6144	6144	"{""200"": 6144}"
synthetic	nospill/c256/put	after	1	NA	10206.62	6117.96	19695.0	28338.0	129228.0	23249.0	NA	NA	NA	NA	NA	NA	NA	NA	NA	0	0	{}	6144	6144	"{""200"": 6144}"
synthetic	nospill/c256/put	after	2	NA	9605.4	5757.58	19631.0	26145.0	144579.0	23328.0	NA	NA	NA	NA	NA	NA	NA	NA	NA	0	0	{}	6144	6144	"{""200"": 6144}"
synthetic	nospill/c256/put	after	3	NA	10074.82	6038.96	20252.0	26568.0	125882.0	23057.0	NA	NA	NA	NA	NA	NA	NA	NA	NA	0	0	{}	6144	6144	"{""200"": 6144}"
synthetic	nospill/c32/get	before	1	NA	2334.81	1344.15	1045.0	6335.0	107869.0	2547.0	NA	NA	NA	NA	NA	NA	NA	NA	NA	0	0	{}	768	768	"{""200"": 768}"
synthetic	nospill/c32/get	before	2	NA	1348.24	776.18	1047.0	4078.0	162573.0	2067.0	NA	NA	NA	NA	NA	NA	NA	NA	NA	0	0	{}	768	768	"{""200"": 768}"
synthetic	nospill/c32/get	before	3	NA	1342.58	772.92	959.0	3424.0	83220.0	2099.0	NA	NA	NA	NA	NA	NA	NA	NA	NA	0	0	{}	768	768	"{""200"": 768}"
synthetic	nospill/c32/get	after	1	NA	1199.45	690.52	848.0	8186.0	110268.0	6078.0	NA	NA	NA	NA	NA	NA	NA	NA	NA	0	0	{}	768	768	"{""200"": 768}"
synthetic	nospill/c32/get	after	2	NA	2850.37	1640.95	899.0	3192.0	71280.0	1669.0	NA	NA	NA	NA	NA	NA	NA	NA	NA	0	0	{}	768	768	"{""200"": 768}"
synthetic	nospill/c32/get	after	3	NA	1474.54	848.89	929.0	3190.0	107288.0	1599.0	NA	NA	NA	NA	NA	NA	NA	NA	NA	0	0	{}	768	768	"{""200"": 768}"
synthetic	nospill/c32/head-hit	before	1	NA	17793.39	0.0	192.0	8201.0	15638.0	8199.0	NA	NA	NA	NA	NA	NA	NA	NA	NA	0	0	{}	768	768	"{""200"": 768}"
synthetic	nospill/c32/head-hit	before	2	NA	24112.68	0.0	173.0	3459.0	21435.0	3459.0	NA	NA	NA	NA	NA	NA	NA	NA	NA	0	0	{}	768	768	"{""200"": 768}"
synthetic	nospill/c32/head-hit	before	3	NA	4057.21	0.0	200.0	4469.0	10524.0	4469.0	NA	NA	NA	NA	NA	NA	NA	NA	NA	0	0	{}	768	768	"{""200"": 768}"
synthetic	nospill/c32/head-hit	after	1	NA	7519.94	0.0	171.0	8509.0	55968.0	8508.0	NA	NA	NA	NA	NA	NA	NA	NA	NA	0	0	{}	768	768	"{""200"": 768}"
synthetic	nospill/c32/head-hit	after	2	NA	33455.06	0.0	144.0	2305.0	11064.0	2304.0	NA	NA	NA	NA	NA	NA	NA	NA	NA	0	0	{}	768	768	"{""200"": 768}"
synthetic	nospill/c32/head-hit	after	3	NA	10679.55	0.0	154.0	5372.0	44651.0	5371.0	NA	NA	NA	NA	NA	NA	NA	NA	NA	0	0	{}	768	768	"{""200"": 768}"
synthetic	nospill/c32/head-miss	before	1	NA	5172.64	0.0	4193.0	7007.0	16803.0	6954.0	NA	NA	NA	NA	NA	NA	NA	NA	NA	0	0	{}	768	768	"{""404"": 768}"
synthetic	nospill/c32/head-miss	before	2	NA	7397.01	0.0	4280.0	6599.0	14713.0	6598.0	NA	NA	NA	NA	NA	NA	NA	NA	NA	0	0	{}	768	768	"{""404"": 768}"
synthetic	nospill/c32/head-miss	before	3	NA	6464.92	0.0	4384.0	8289.0	16855.0	8285.0	NA	NA	NA	NA	NA	NA	NA	NA	NA	0	0	{}	768	768	"{""404"": 768}"
synthetic	nospill/c32/head-miss	after	1	NA	4827.75	0.0	5091.0	12814.0	23345.0	12813.0	NA	NA	NA	NA	NA	NA	NA	NA	NA	0	0	{}	768	768	"{""404"": 768}"
synthetic	nospill/c32/head-miss	after	2	NA	4833.35	0.0	5065.0	15009.0	20858.0	15008.0	NA	NA	NA	NA	NA	NA	NA	NA	NA	0	0	{}	768	768	"{""404"": 768}"
synthetic	nospill/c32/head-miss	after	3	NA	5583.96	0.0	4635.0	7522.0	27596.0	7521.0	NA	NA	NA	NA	NA	NA	NA	NA	NA	0	0	{}	768	768	"{""404"": 768}"
synthetic	nospill/c32/mixed	before	1	NA	956.34	443.42	649.0	19681.0	495131.0	19015.0	NA	NA	NA	NA	NA	NA	NA	NA	NA	0	0	{}	768	768	"{""200"": 615, ""404"": 153}"
synthetic	nospill/c32/mixed	before	2	NA	795.8	368.99	2329.0	29765.0	411113.0	17287.0	NA	NA	NA	NA	NA	NA	NA	NA	NA	0	0	{}	768	768	"{""200"": 615, ""404"": 153}"
synthetic	nospill/c32/mixed	before	3	NA	715.68	331.84	3471.0	60196.0	350468.0	25176.0	NA	NA	NA	NA	NA	NA	NA	NA	NA	0	0	{}	768	768	"{""200"": 615, ""404"": 153}"
synthetic	nospill/c32/mixed	after	1	NA	832.93	386.2	1512.0	33258.0	353045.0	23328.0	NA	NA	NA	NA	NA	NA	NA	NA	NA	0	0	{}	768	768	"{""200"": 615, ""404"": 153}"
synthetic	nospill/c32/mixed	after	2	NA	976.15	452.61	630.0	28636.0	338831.0	24952.0	NA	NA	NA	NA	NA	NA	NA	NA	NA	0	0	{}	768	768	"{""200"": 615, ""404"": 153}"
synthetic	nospill/c32/mixed	after	3	NA	783.15	363.12	600.0	33845.0	448489.0	24438.0	NA	NA	NA	NA	NA	NA	NA	NA	NA	0	0	{}	768	768	"{""200"": 615, ""404"": 153}"
synthetic	nospill/c32/put	before	1	NA	15225.57	8765.34	1858.0	2651.0	7741.0	2648.0	NA	NA	NA	NA	NA	NA	NA	NA	NA	0	0	{}	768	768	"{""200"": 768}"
synthetic	nospill/c32/put	before	2	NA	15304.58	8810.83	1843.0	2608.0	8441.0	2602.0	NA	NA	NA	NA	NA	NA	NA	NA	NA	0	0	{}	768	768	"{""200"": 768}"
synthetic	nospill/c32/put	before	3	NA	16137.9	9290.57	1667.0	2654.0	8522.0	2652.0	NA	NA	NA	NA	NA	NA	NA	NA	NA	0	0	{}	768	768	"{""200"": 768}"
synthetic	nospill/c32/put	after	1	NA	3587.45	2065.29	1503.0	2220.0	8009.0	2219.0	NA	NA	NA	NA	NA	NA	NA	NA	NA	0	0	{}	768	768	"{""200"": 768}"
synthetic	nospill/c32/put	after	2	NA	16264.78	9363.62	1706.0	2695.0	7387.0	2693.0	NA	NA	NA	NA	NA	NA	NA	NA	NA	0	0	{}	768	768	"{""200"": 768}"
synthetic	nospill/c32/put	after	3	NA	15420.16	8877.37	1653.0	2887.0	9507.0	2884.0	NA	NA	NA	NA	NA	NA	NA	NA	NA	0	0	{}	768	768	"{""200"": 768}"
synthetic	nospill/c64/get	before	1	NA	2997.06	1796.47	1449.0	7851.0	386831.0	5921.0	NA	NA	NA	NA	NA	NA	NA	NA	NA	0	0	{}	1536	1536	"{""200"": 1536}"
synthetic	nospill/c64/get	before	2	NA	3585.22	2149.02	886.0	16692.0	293404.0	16690.0	NA	NA	NA	NA	NA	NA	NA	NA	NA	0	0	{}	1536	1536	"{""200"": 1536}"
synthetic	nospill/c64/get	before	3	NA	3564.41	2136.55	1400.0	8771.0	235437.0	7993.0	NA	NA	NA	NA	NA	NA	NA	NA	NA	0	0	{}	1536	1536	"{""200"": 1536}"
synthetic	nospill/c64/get	after	1	NA	1706.86	1023.11	1052.0	19703.0	318158.0	19581.0	NA	NA	NA	NA	NA	NA	NA	NA	NA	0	0	{}	1536	1536	"{""200"": 1536}"
synthetic	nospill/c64/get	after	2	NA	2232.22	1338.02	3080.0	6794.0	30487.0	4594.0	NA	NA	NA	NA	NA	NA	NA	NA	NA	0	0	{}	1536	1536	"{""200"": 1536}"
synthetic	nospill/c64/get	after	3	NA	2781.89	1667.5	918.0	14494.0	373458.0	14356.0	NA	NA	NA	NA	NA	NA	NA	NA	NA	0	0	{}	1536	1536	"{""200"": 1536}"
synthetic	nospill/c64/head-hit	before	1	NA	16350.03	0.0	115.0	10491.0	30854.0	10490.0	NA	NA	NA	NA	NA	NA	NA	NA	NA	0	0	{}	1536	1536	"{""200"": 1536}"
synthetic	nospill/c64/head-hit	before	2	NA	22373.93	0.0	123.0	8527.0	14848.0	8526.0	NA	NA	NA	NA	NA	NA	NA	NA	NA	0	0	{}	1536	1536	"{""200"": 1536}"
synthetic	nospill/c64/head-hit	before	3	NA	14644.79	0.0	86.0	7003.0	30176.0	7001.0	NA	NA	NA	NA	NA	NA	NA	NA	NA	0	0	{}	1536	1536	"{""200"": 1536}"
synthetic	nospill/c64/head-hit	after	1	NA	16087.44	0.0	125.0	10195.0	19311.0	10172.0	NA	NA	NA	NA	NA	NA	NA	NA	NA	0	0	{}	1536	1536	"{""200"": 1536}"
synthetic	nospill/c64/head-hit	after	2	NA	9995.1	0.0	106.0	17909.0	43197.0	17908.0	NA	NA	NA	NA	NA	NA	NA	NA	NA	0	0	{}	1536	1536	"{""200"": 1536}"
synthetic	nospill/c64/head-hit	after	3	NA	15030.24	0.0	113.0	8716.0	14742.0	8715.0	NA	NA	NA	NA	NA	NA	NA	NA	NA	0	0	{}	1536	1536	"{""200"": 1536}"
synthetic	nospill/c64/head-miss	before	1	NA	5688.06	0.0	9314.0	23912.0	45061.0	23720.0	NA	NA	NA	NA	NA	NA	NA	NA	NA	0	0	{}	1536	1536	"{""404"": 1536}"
synthetic	nospill/c64/head-miss	before	2	NA	6347.48	0.0	9822.0	12580.0	18048.0	12520.0	NA	NA	NA	NA	NA	NA	NA	NA	NA	0	0	{}	1536	1536	"{""404"": 1536}"
synthetic	nospill/c64/head-miss	before	3	NA	6578.12	0.0	9224.0	13613.0	19057.0	13607.0	NA	NA	NA	NA	NA	NA	NA	NA	NA	0	0	{}	1536	1536	"{""404"": 1536}"
synthetic	nospill/c64/head-miss	after	1	NA	6691.4	0.0	9273.0	12543.0	16585.0	12542.0	NA	NA	NA	NA	NA	NA	NA	NA	NA	0	0	{}	1536	1536	"{""404"": 1536}"
synthetic	nospill/c64/head-miss	after	2	NA	4929.48	0.0	10766.0	22132.0	34751.0	22131.0	NA	NA	NA	NA	NA	NA	NA	NA	NA	0	0	{}	1536	1536	"{""404"": 1536}"
synthetic	nospill/c64/head-miss	after	3	NA	7036.04	0.0	9209.0	12613.0	20247.0	12609.0	NA	NA	NA	NA	NA	NA	NA	NA	NA	0	0	{}	1536	1536	"{""404"": 1536}"
synthetic	nospill/c64/mixed	before	1	NA	964.86	465.59	1028.0	57777.0	795065.0	48802.0	NA	NA	NA	NA	NA	NA	NA	NA	NA	0	0	{}	1536	1536	"{""200"": 1230, ""404"": 306}"
synthetic	nospill/c64/mixed	before	2	NA	1547.67	746.83	1336.0	34957.0	443285.0	31981.0	NA	NA	NA	NA	NA	NA	NA	NA	NA	0	0	{}	1536	1536	"{""200"": 1230, ""404"": 306}"
synthetic	nospill/c64/mixed	before	3	NA	1740.57	839.91	568.0	27522.0	320412.0	24598.0	NA	NA	NA	NA	NA	NA	NA	NA	NA	0	0	{}	1536	1536	"{""200"": 1230, ""404"": 306}"
synthetic	nospill/c64/mixed	after	1	NA	1535.86	741.13	663.0	52240.0	377434.0	46577.0	NA	NA	NA	NA	NA	NA	NA	NA	NA	0	0	{}	1536	1536	"{""200"": 1230, ""404"": 306}"
synthetic	nospill/c64/mixed	after	2	NA	1486.24	717.18	558.0	68205.0	587454.0	57636.0	NA	NA	NA	NA	NA	NA	NA	NA	NA	0	0	{}	1536	1536	"{""200"": 1230, ""404"": 306}"
synthetic	nospill/c64/mixed	after	3	NA	991.01	478.21	1437.0	47184.0	837009.0	39770.0	NA	NA	NA	NA	NA	NA	NA	NA	NA	0	0	{}	1536	1536	"{""200"": 1230, ""404"": 306}"
synthetic	nospill/c64/put	before	1	NA	12803.31	7674.45	4304.0	5666.0	20444.0	5665.0	NA	NA	NA	NA	NA	NA	NA	NA	NA	0	0	{}	1536	1536	"{""200"": 1536}"
synthetic	nospill/c64/put	before	2	NA	13836.21	8293.58	3997.0	5708.0	18739.0	5706.0	NA	NA	NA	NA	NA	NA	NA	NA	NA	0	0	{}	1536	1536	"{""200"": 1536}"
synthetic	nospill/c64/put	before	3	NA	13600.53	8152.31	4054.0	5740.0	20319.0	5737.0	NA	NA	NA	NA	NA	NA	NA	NA	NA	0	0	{}	1536	1536	"{""200"": 1536}"
synthetic	nospill/c64/put	after	1	NA	13844.79	8298.72	3949.0	4802.0	19358.0	4800.0	NA	NA	NA	NA	NA	NA	NA	NA	NA	0	0	{}	1536	1536	"{""200"": 1536}"
synthetic	nospill/c64/put	after	2	NA	12944.72	7759.21	4142.0	6814.0	22318.0	6753.0	NA	NA	NA	NA	NA	NA	NA	NA	NA	0	0	{}	1536	1536	"{""200"": 1536}"
synthetic	nospill/c64/put	after	3	NA	13592.83	8147.69	4059.0	5780.0	19680.0	5765.0	NA	NA	NA	NA	NA	NA	NA	NA	NA	0	0	{}	1536	1536	"{""200"": 1536}"
synthetic	nospill/c8/get	before	1	NA	2531.64	1517.49	176.0	2181.0	71454.0	1744.0	NA	NA	NA	NA	NA	NA	NA	NA	NA	0	0	{}	512	512	"{""200"": 512}"
synthetic	nospill/c8/get	before	2	NA	2538.35	1521.51	116.0	1954.0	64062.0	1816.0	NA	NA	NA	NA	NA	NA	NA	NA	NA	0	0	{}	512	512	"{""200"": 512}"
synthetic	nospill/c8/get	before	3	NA	1421.83	852.26	159.0	2339.0	68123.0	2098.0	NA	NA	NA	NA	NA	NA	NA	NA	NA	0	0	{}	512	512	"{""200"": 512}"
synthetic	nospill/c8/get	after	1	NA	1437.68	861.76	97.0	3938.0	78311.0	3885.0	NA	NA	NA	NA	NA	NA	NA	NA	NA	0	0	{}	512	512	"{""200"": 512}"
synthetic	nospill/c8/get	after	2	NA	2133.21	1278.67	190.0	2210.0	77463.0	1844.0	NA	NA	NA	NA	NA	NA	NA	NA	NA	0	0	{}	512	512	"{""200"": 512}"
synthetic	nospill/c8/get	after	3	NA	1338.43	802.27	90.0	1986.0	122740.0	1819.0	NA	NA	NA	NA	NA	NA	NA	NA	NA	0	0	{}	512	512	"{""200"": 512}"
synthetic	nospill/c8/head-hit	before	1	NA	10396.4	0.0	83.0	1405.0	10737.0	1404.0	NA	NA	NA	NA	NA	NA	NA	NA	NA	0	0	{}	512	512	"{""200"": 512}"
synthetic	nospill/c8/head-hit	before	2	NA	13562.33	0.0	72.0	1267.0	7822.0	1267.0	NA	NA	NA	NA	NA	NA	NA	NA	NA	0	0	{}	512	512	"{""200"": 512}"
synthetic	nospill/c8/head-hit	before	3	NA	16762.06	0.0	77.0	1156.0	3740.0	1152.0	NA	NA	NA	NA	NA	NA	NA	NA	NA	0	0	{}	512	512	"{""200"": 512}"
synthetic	nospill/c8/head-hit	after	1	NA	14106.33	0.0	74.0	1149.0	9070.0	1144.0	NA	NA	NA	NA	NA	NA	NA	NA	NA	0	0	{}	512	512	"{""200"": 512}"
synthetic	nospill/c8/head-hit	after	2	NA	9219.35	0.0	75.0	1561.0	10929.0	1559.0	NA	NA	NA	NA	NA	NA	NA	NA	NA	0	0	{}	512	512	"{""200"": 512}"
synthetic	nospill/c8/head-hit	after	3	NA	9401.37	0.0	80.0	2077.0	10899.0	2076.0	NA	NA	NA	NA	NA	NA	NA	NA	NA	0	0	{}	512	512	"{""200"": 512}"
synthetic	nospill/c8/head-miss	before	1	NA	9948.15	0.0	569.0	1384.0	3150.0	1382.0	NA	NA	NA	NA	NA	NA	NA	NA	NA	0	0	{}	512	512	"{""404"": 512}"
synthetic	nospill/c8/head-miss	before	2	NA	5848.98	0.0	486.0	1951.0	19366.0	1950.0	NA	NA	NA	NA	NA	NA	NA	NA	NA	0	0	{}	512	512	"{""404"": 512}"
synthetic	nospill/c8/head-miss	before	3	NA	9380.31	0.0	477.0	1270.0	5911.0	1269.0	NA	NA	NA	NA	NA	NA	NA	NA	NA	0	0	{}	512	512	"{""404"": 512}"
synthetic	nospill/c8/head-miss	after	1	NA	8462.65	0.0	556.0	1623.0	5560.0	1622.0	NA	NA	NA	NA	NA	NA	NA	NA	NA	0	0	{}	512	512	"{""404"": 512}"
synthetic	nospill/c8/head-miss	after	2	NA	3412.17	0.0	694.0	4837.0	31457.0	4642.0	NA	NA	NA	NA	NA	NA	NA	NA	NA	0	0	{}	512	512	"{""404"": 512}"
synthetic	nospill/c8/head-miss	after	3	NA	5533.75	0.0	682.0	2184.0	19629.0	2183.0	NA	NA	NA	NA	NA	NA	NA	NA	NA	0	0	{}	512	512	"{""404"": 512}"
synthetic	nospill/c8/mixed	before	1	NA	677.85	326.49	833.0	29488.0	157756.0	10022.0	NA	NA	NA	NA	NA	NA	NA	NA	NA	0	0	{}	512	512	"{""200"": 410, ""404"": 102}"
synthetic	nospill/c8/mixed	before	2	NA	650.32	313.23	972.0	25348.0	211662.0	10255.0	NA	NA	NA	NA	NA	NA	NA	NA	NA	0	0	{}	512	512	"{""200"": 410, ""404"": 102}"
synthetic	nospill/c8/mixed	before	3	NA	641.58	309.02	857.0	27377.0	197650.0	11459.0	NA	NA	NA	NA	NA	NA	NA	NA	NA	0	0	{}	512	512	"{""200"": 410, ""404"": 102}"
synthetic	nospill/c8/mixed	after	1	NA	699.93	337.12	929.0	24369.0	149410.0	13725.0	NA	NA	NA	NA	NA	NA	NA	NA	NA	0	0	{}	512	512	"{""200"": 410, ""404"": 102}"
synthetic	nospill/c8/mixed	after	2	NA	709.19	341.59	605.0	17042.0	188207.0	10239.0	NA	NA	NA	NA	NA	NA	NA	NA	NA	0	0	{}	512	512	"{""200"": 410, ""404"": 102}"
synthetic	nospill/c8/mixed	after	3	NA	664.37	320.0	998.0	24697.0	196102.0	12974.0	NA	NA	NA	NA	NA	NA	NA	NA	NA	0	0	{}	512	512	"{""200"": 410, ""404"": 102}"
synthetic	nospill/c8/put	before	1	NA	8484.81	5085.89	656.0	1739.0	4212.0	1733.0	NA	NA	NA	NA	NA	NA	NA	NA	NA	0	0	{}	512	512	"{""200"": 512}"
synthetic	nospill/c8/put	before	2	NA	9189.36	5508.2	582.0	1750.0	4330.0	1748.0	NA	NA	NA	NA	NA	NA	NA	NA	NA	0	0	{}	512	512	"{""200"": 512}"
synthetic	nospill/c8/put	before	3	NA	15822.86	9484.4	343.0	924.0	3490.0	920.0	NA	NA	NA	NA	NA	NA	NA	NA	NA	0	0	{}	512	512	"{""200"": 512}"
synthetic	nospill/c8/put	after	1	NA	8783.03	5264.65	605.0	1889.0	4196.0	1888.0	NA	NA	NA	NA	NA	NA	NA	NA	NA	0	0	{}	512	512	"{""200"": 512}"
synthetic	nospill/c8/put	after	2	NA	8817.53	5285.32	618.0	1801.0	5152.0	1770.0	NA	NA	NA	NA	NA	NA	NA	NA	NA	0	0	{}	512	512	"{""200"": 512}"
synthetic	nospill/c8/put	after	3	NA	10108.0	6058.85	560.0	1528.0	4064.0	1526.0	NA	NA	NA	NA	NA	NA	NA	NA	NA	0	0	{}	512	512	"{""200"": 512}"
synthetic	writeback/c1/get	before	1	NA	862.99	517.29	599.0	870.0	19935.0	688.0	NA	NA	NA	NA	NA	NA	NA	NA	NA	0	0	{}	512	512	"{""200"": 512}"
synthetic	writeback/c1/get	before	2	NA	1218.34	730.29	588.0	709.0	2272.0	628.0	NA	NA	NA	NA	NA	NA	NA	NA	NA	0	0	{}	512	512	"{""200"": 512}"
synthetic	writeback/c1/get	before	3	NA	785.13	470.62	794.0	1694.0	7947.0	1122.0	NA	NA	NA	NA	NA	NA	NA	NA	NA	0	0	{}	512	512	"{""200"": 512}"
synthetic	writeback/c1/get	after	1	NA	774.29	464.12	732.0	1744.0	10698.0	1053.0	NA	NA	NA	NA	NA	NA	NA	NA	NA	0	0	{}	512	512	"{""200"": 512}"
synthetic	writeback/c1/get	after	2	NA	485.05	290.74	666.0	2966.0	20600.0	2287.0	NA	NA	NA	NA	NA	NA	NA	NA	NA	0	0	{}	512	512	"{""200"": 512}"
synthetic	writeback/c1/get	after	3	NA	1055.25	632.53	637.0	1102.0	4474.0	900.0	NA	NA	NA	NA	NA	NA	NA	NA	NA	0	0	{}	512	512	"{""200"": 512}"
synthetic	writeback/c1/head-hit	before	1	NA	1347.39	0.0	707.0	788.0	1644.0	787.0	NA	NA	NA	NA	NA	NA	NA	NA	NA	0	0	{}	512	512	"{""200"": 512}"
synthetic	writeback/c1/head-hit	before	2	NA	1140.07	0.0	723.0	971.0	4706.0	956.0	NA	NA	NA	NA	NA	NA	NA	NA	NA	0	0	{}	512	512	"{""200"": 512}"
synthetic	writeback/c1/head-hit	before	3	NA	1109.62	0.0	821.0	1118.0	2129.0	1116.0	NA	NA	NA	NA	NA	NA	NA	NA	NA	0	0	{}	512	512	"{""200"": 512}"
synthetic	writeback/c1/head-hit	after	1	NA	1152.65	0.0	699.0	1134.0	5379.0	1131.0	NA	NA	NA	NA	NA	NA	NA	NA	NA	0	0	{}	512	512	"{""200"": 512}"
synthetic	writeback/c1/head-hit	after	2	NA	1417.75	0.0	669.0	761.0	1339.0	760.0	NA	NA	NA	NA	NA	NA	NA	NA	NA	0	0	{}	512	512	"{""200"": 512}"
synthetic	writeback/c1/head-hit	after	3	NA	1437.51	0.0	685.0	753.0	921.0	751.0	NA	NA	NA	NA	NA	NA	NA	NA	NA	0	0	{}	512	512	"{""200"": 512}"
synthetic	writeback/c1/head-miss	before	1	NA	1646.8	0.0	540.0	664.0	1983.0	663.0	NA	NA	NA	NA	NA	NA	NA	NA	NA	0	0	{}	512	512	"{""404"": 512}"
synthetic	writeback/c1/head-miss	before	2	NA	2605.15	0.0	346.0	462.0	475.0	461.0	NA	NA	NA	NA	NA	NA	NA	NA	NA	0	0	{}	512	512	"{""404"": 512}"
synthetic	writeback/c1/head-miss	before	3	NA	1763.24	0.0	535.0	640.0	1314.0	638.0	NA	NA	NA	NA	NA	NA	NA	NA	NA	0	0	{}	512	512	"{""404"": 512}"
synthetic	writeback/c1/head-miss	after	1	NA	1810.83	0.0	503.0	622.0	1161.0	621.0	NA	NA	NA	NA	NA	NA	NA	NA	NA	0	0	{}	512	512	"{""404"": 512}"
synthetic	writeback/c1/head-miss	after	2	NA	1323.28	0.0	533.0	790.0	5532.0	788.0	NA	NA	NA	NA	NA	NA	NA	NA	NA	0	0	{}	512	512	"{""404"": 512}"
synthetic	writeback/c1/head-miss	after	3	NA	2010.81	0.0	486.0	559.0	863.0	557.0	NA	NA	NA	NA	NA	NA	NA	NA	NA	0	0	{}	512	512	"{""404"": 512}"
synthetic	writeback/c1/mixed	before	1	NA	689.36	332.03	770.0	2860.0	16710.0	2580.0	NA	NA	NA	NA	NA	NA	NA	NA	NA	0	0	{}	512	512	"{""200"": 410, ""404"": 102}"
synthetic	writeback/c1/mixed	before	2	NA	790.79	380.89	670.0	2691.0	15348.0	2551.0	NA	NA	NA	NA	NA	NA	NA	NA	NA	0	0	{}	512	512	"{""200"": 410, ""404"": 102}"
synthetic	writeback/c1/mixed	before	3	NA	581.18	279.93	872.0	2950.0	18377.0	2211.0	NA	NA	NA	NA	NA	NA	NA	NA	NA	0	0	{}	512	512	"{""200"": 410, ""404"": 102}"
synthetic	writeback/c1/mixed	after	1	NA	752.07	362.24	737.0	2383.0	17532.0	2013.0	NA	NA	NA	NA	NA	NA	NA	NA	NA	0	0	{}	512	512	"{""200"": 410, ""404"": 102}"
synthetic	writeback/c1/mixed	after	2	NA	704.69	339.42	762.0	2419.0	19349.0	2101.0	NA	NA	NA	NA	NA	NA	NA	NA	NA	0	0	{}	512	512	"{""200"": 410, ""404"": 102}"
synthetic	writeback/c1/mixed	after	3	NA	731.45	352.31	734.0	2095.0	15230.0	1517.0	NA	NA	NA	NA	NA	NA	NA	NA	NA	0	0	{}	512	512	"{""200"": 410, ""404"": 102}"
synthetic	writeback/c1/put	before	1	NA	5764.01	3455.01	56.0	308.0	3166.0	306.0	NA	NA	NA	NA	NA	NA	NA	NA	NA	0	0	{}	512	512	"{""200"": 512}"
synthetic	writeback/c1/put	before	2	NA	6753.46	4048.1	53.0	256.0	1935.0	253.0	NA	NA	NA	NA	NA	NA	NA	NA	NA	0	0	{}	512	512	"{""200"": 512}"
synthetic	writeback/c1/put	before	3	NA	6938.35	4158.92	52.0	260.0	2205.0	259.0	NA	NA	NA	NA	NA	NA	NA	NA	NA	0	0	{}	512	512	"{""200"": 512}"
synthetic	writeback/c1/put	after	1	NA	6180.61	3704.72	58.0	282.0	2899.0	277.0	NA	NA	NA	NA	NA	NA	NA	NA	NA	0	0	{}	512	512	"{""200"": 512}"
synthetic	writeback/c1/put	after	2	NA	6281.04	3764.92	58.0	304.0	2126.0	299.0	NA	NA	NA	NA	NA	NA	NA	NA	NA	0	0	{}	512	512	"{""200"": 512}"
synthetic	writeback/c1/put	after	3	NA	6552.98	3927.93	55.0	283.0	2034.0	282.0	NA	NA	NA	NA	NA	NA	NA	NA	NA	0	0	{}	512	512	"{""200"": 512}"
synthetic	writeback/c128/get	before	1	NA	6520.16	3908.25	1593.0	54944.0	218970.0	53384.0	NA	NA	NA	NA	NA	NA	NA	NA	NA	0	0	{}	3072	3072	"{""200"": 3072}"
synthetic	writeback/c128/get	before	2	NA	8571.75	5138.0	1654.0	31682.0	174113.0	31052.0	NA	NA	NA	NA	NA	NA	NA	NA	NA	0	0	{}	3072	3072	"{""200"": 3072}"
synthetic	writeback/c128/get	before	3	NA	2043.5	1224.9	5638.0	12826.0	551050.0	8489.0	NA	NA	NA	NA	NA	NA	NA	NA	NA	0	0	{}	3072	3072	"{""200"": 3072}"
synthetic	writeback/c128/get	after	1	NA	3471.43	2080.81	3962.0	15238.0	550412.0	8123.0	NA	NA	NA	NA	NA	NA	NA	NA	NA	0	0	{}	3072	3072	"{""200"": 3072}"
synthetic	writeback/c128/get	after	2	NA	5859.18	3512.05	1152.0	28782.0	285669.0	26670.0	NA	NA	NA	NA	NA	NA	NA	NA	NA	0	0	{}	3072	3072	"{""200"": 3072}"
synthetic	writeback/c128/get	after	3	NA	2550.97	1529.08	6086.0	10724.0	933427.0	7441.0	NA	NA	NA	NA	NA	NA	NA	NA	NA	0	0	{}	3072	3072	"{""200"": 3072}"
synthetic	writeback/c128/head-hit	before	1	NA	7536.29	0.0	359.0	40983.0	134872.0	40864.0	NA	NA	NA	NA	NA	NA	NA	NA	NA	0	0	{}	3072	3072	"{""200"": 3072}"
synthetic	writeback/c128/head-hit	before	2	NA	9044.35	0.0	1641.0	32235.0	88683.0	32234.0	NA	NA	NA	NA	NA	NA	NA	NA	NA	0	0	{}	3072	3072	"{""200"": 3072}"
synthetic	writeback/c128/head-hit	before	3	NA	14910.14	0.0	39.0	28203.0	60955.0	28202.0	NA	NA	NA	NA	NA	NA	NA	NA	NA	0	0	{}	3072	3072	"{""200"": 3072}"
synthetic	writeback/c128/head-hit	after	1	NA	20046.19	0.0	78.0	18314.0	57745.0	18313.0	NA	NA	NA	NA	NA	NA	NA	NA	NA	0	0	{}	3072	3072	"{""200"": 3072}"
synthetic	writeback/c128/head-hit	after	2	NA	13720.8	0.0	45.0	21690.0	45724.0	21686.0	NA	NA	NA	NA	NA	NA	NA	NA	NA	0	0	{}	3072	3072	"{""200"": 3072}"
synthetic	writeback/c128/head-hit	after	3	NA	23701.81	0.0	80.0	15072.0	78131.0	14978.0	NA	NA	NA	NA	NA	NA	NA	NA	NA	0	0	{}	3072	3072	"{""200"": 3072}"
synthetic	writeback/c128/head-miss	before	1	NA	6060.67	0.0	18676.0	30346.0	82448.0	30259.0	NA	NA	NA	NA	NA	NA	NA	NA	NA	0	0	{}	3072	3072	"{""404"": 3072}"
synthetic	writeback/c128/head-miss	before	2	NA	5988.81	0.0	19747.0	27434.0	68726.0	27432.0	NA	NA	NA	NA	NA	NA	NA	NA	NA	0	0	{}	3072	3072	"{""404"": 3072}"
synthetic	writeback/c128/head-miss	before	3	NA	6531.35	0.0	18771.0	27913.0	39647.0	27912.0	NA	NA	NA	NA	NA	NA	NA	NA	NA	0	0	{}	3072	3072	"{""404"": 3072}"
synthetic	writeback/c128/head-miss	after	1	NA	4999.66	0.0	22365.0	46210.0	72119.0	46187.0	NA	NA	NA	NA	NA	NA	NA	NA	NA	0	0	{}	3072	3072	"{""404"": 3072}"
synthetic	writeback/c128/head-miss	after	2	NA	5280.41	0.0	19134.0	44808.0	57459.0	44739.0	NA	NA	NA	NA	NA	NA	NA	NA	NA	0	0	{}	3072	3072	"{""404"": 3072}"
synthetic	writeback/c128/head-miss	after	3	NA	7167.09	0.0	18418.0	21721.0	29587.0	21681.0	NA	NA	NA	NA	NA	NA	NA	NA	NA	0	0	{}	3072	3072	"{""404"": 3072}"
synthetic	writeback/c128/mixed	before	1	NA	2395.07	1149.41	16831.0	123460.0	597295.0	81825.0	NA	NA	NA	NA	NA	NA	NA	NA	NA	0	0	{}	3072	3072	"{""200"": 2458, ""404"": 614}"
synthetic	writeback/c128/mixed	before	2	NA	884.26	424.36	18243.0	109507.0	597715.0	80985.0	NA	NA	NA	NA	NA	NA	NA	NA	NA	0	0	{}	3072	3072	"{""200"": 2458, ""404"": 614}"
synthetic	writeback/c128/mixed	before	3	NA	771.92	370.45	5608.0	113952.0	549901.0	98078.0	NA	NA	NA	NA	NA	NA	NA	NA	NA	0	0	{}	3072	3072	"{""200"": 2458, ""404"": 614}"
synthetic	writeback/c128/mixed	after	1	NA	1058.17	507.82	461.0	82092.0	1187213.0	69131.0	NA	NA	NA	NA	NA	NA	NA	NA	NA	0	0	{}	3072	3072	"{""200"": 2458, ""404"": 614}"
synthetic	writeback/c128/mixed	after	2	NA	1227.59	589.13	2189.0	205237.0	1272075.0	149407.0	NA	NA	NA	NA	NA	NA	NA	NA	NA	0	0	{}	3072	3072	"{""200"": 2458, ""404"": 614}"
synthetic	writeback/c128/mixed	after	3	NA	1629.32	781.92	2761.0	123159.0	668430.0	89182.0	NA	NA	NA	NA	NA	NA	NA	NA	NA	0	0	{}	3072	3072	"{""200"": 2458, ""404"": 614}"
synthetic	writeback/c128/put	before	1	NA	11888.27	7125.96	9515.0	11384.0	46949.0	11382.0	NA	NA	NA	NA	NA	NA	NA	NA	NA	0	0	{}	3072	3072	"{""200"": 3072}"
synthetic	writeback/c128/put	before	2	NA	11457.61	6867.82	9739.0	13524.0	46982.0	12962.0	NA	NA	NA	NA	NA	NA	NA	NA	NA	0	0	{}	3072	3072	"{""200"": 3072}"
synthetic	writeback/c128/put	before	3	NA	12206.65	7316.8	9159.0	11123.0	45488.0	11121.0	NA	NA	NA	NA	NA	NA	NA	NA	NA	0	0	{}	3072	3072	"{""200"": 3072}"
synthetic	writeback/c128/put	after	1	NA	11848.96	7102.4	9051.0	11824.0	45325.0	11794.0	NA	NA	NA	NA	NA	NA	NA	NA	NA	0	0	{}	3072	3072	"{""200"": 3072}"
synthetic	writeback/c128/put	after	2	NA	11698.16	7012.01	9516.0	11087.0	48348.0	11085.0	NA	NA	NA	NA	NA	NA	NA	NA	NA	0	0	{}	3072	3072	"{""200"": 3072}"
synthetic	writeback/c128/put	after	3	NA	8602.67	5156.53	7890.0	11489.0	40217.0	11487.0	NA	NA	NA	NA	NA	NA	NA	NA	NA	0	0	{}	3072	3072	"{""200"": 3072}"
synthetic	writeback/c256/get	before	1	NA	11777.79	7059.74	7291.0	44974.0	232245.0	39713.0	NA	NA	NA	NA	NA	NA	NA	NA	NA	0	0	{}	6144	6144	"{""200"": 6144}"
synthetic	writeback/c256/get	before	2	NA	7808.42	4680.45	9457.0	34391.0	344600.0	25938.0	NA	NA	NA	NA	NA	NA	NA	NA	NA	0	0	{}	6144	6144	"{""200"": 6144}"
synthetic	writeback/c256/get	before	3	NA	10288.37	6166.96	6241.0	48698.0	163416.0	46442.0	NA	NA	NA	NA	NA	NA	NA	NA	NA	0	0	{}	6144	6144	"{""200"": 6144}"
synthetic	writeback/c256/get	after	1	NA	5807.42	3481.03	10931.0	33649.0	340720.0	13586.0	NA	NA	NA	NA	NA	NA	NA	NA	NA	0	0	{}	6144	6144	"{""200"": 6144}"
synthetic	writeback/c256/get	after	2	NA	2454.48	1471.24	11137.0	26568.0	770333.0	13100.0	NA	NA	NA	NA	NA	NA	NA	NA	NA	0	0	{}	6144	6144	"{""200"": 6144}"
synthetic	writeback/c256/get	after	3	NA	11098.0	6652.27	11993.0	31323.0	201476.0	17964.0	NA	NA	NA	NA	NA	NA	NA	NA	NA	0	0	{}	6144	6144	"{""200"": 6144}"
synthetic	writeback/c256/head-hit	before	1	NA	12250.31	0.0	361.0	49186.0	70693.0	48807.0	NA	NA	NA	NA	NA	NA	NA	NA	NA	0	0	{}	6144	6144	"{""200"": 6144}"
synthetic	writeback/c256/head-hit	before	2	NA	16587.11	0.0	114.0	49590.0	83699.0	49143.0	NA	NA	NA	NA	NA	NA	NA	NA	NA	0	0	{}	6144	6144	"{""200"": 6144}"
synthetic	writeback/c256/head-hit	before	3	NA	13892.52	0.0	346.0	50406.0	66102.0	49342.0	NA	NA	NA	NA	NA	NA	NA	NA	NA	0	0	{}	6144	6144	"{""200"": 6144}"
synthetic	writeback/c256/head-hit	after	1	NA	19870.68	0.0	90.0	41816.0	53229.0	41574.0	NA	NA	NA	NA	NA	NA	NA	NA	NA	0	0	{}	6144	6144	"{""200"": 6144}"
synthetic	writeback/c256/head-hit	after	2	NA	17544.4	0.0	97.0	44517.0	129815.0	43283.0	NA	NA	NA	NA	NA	NA	NA	NA	NA	0	0	{}	6144	6144	"{""200"": 6144}"
synthetic	writeback/c256/head-hit	after	3	NA	25856.3	0.0	118.0	40089.0	57108.0	39393.0	NA	NA	NA	NA	NA	NA	NA	NA	NA	0	0	{}	6144	6144	"{""200"": 6144}"
synthetic	writeback/c256/head-miss	before	1	NA	4951.56	0.0	40027.0	67727.0	244288.0	67527.0	NA	NA	NA	NA	NA	NA	NA	NA	NA	0	0	{}	6144	6144	"{""404"": 6144}"
synthetic	writeback/c256/head-miss	before	2	NA	6421.77	0.0	39156.0	47554.0	59985.0	46774.0	NA	NA	NA	NA	NA	NA	NA	NA	NA	0	0	{}	6144	6144	"{""404"": 6144}"
synthetic	writeback/c256/head-miss	before	3	NA	5866.92	0.0	40309.0	64397.0	87782.0	63689.0	NA	NA	NA	NA	NA	NA	NA	NA	NA	0	0	{}	6144	6144	"{""404"": 6144}"
synthetic	writeback/c256/head-miss	after	1	NA	4622.06	0.0	40360.0	86436.0	298435.0	86140.0	NA	NA	NA	NA	NA	NA	NA	NA	NA	0	0	{}	6144	6144	"{""404"": 6144}"
synthetic	writeback/c256/head-miss	after	2	NA	5773.02	0.0	43539.0	62720.0	94439.0	62150.0	NA	NA	NA	NA	NA	NA	NA	NA	NA	0	0	{}	6144	6144	"{""404"": 6144}"
synthetic	writeback/c256/head-miss	after	3	NA	5953.42	0.0	39204.0	62733.0	119503.0	62088.0	NA	NA	NA	NA	NA	NA	NA	NA	NA	0	0	{}	6144	6144	"{""404"": 6144}"
synthetic	writeback/c256/mixed	before	1	NA	2148.36	1028.43	20920.0	119784.0	697603.0	108025.0	NA	NA	NA	NA	NA	NA	NA	NA	NA	0	0	{}	6144	6144	"{""200"": 4916, ""404"": 1228}"
synthetic	writeback/c256/mixed	before	2	NA	1339.37	641.16	529.0	142980.0	1180555.0	129640.0	NA	NA	NA	NA	NA	NA	NA	NA	NA	0	0	{}	6144	6144	"{""200"": 4916, ""404"": 1228}"
synthetic	writeback/c256/mixed	before	3	NA	1528.32	731.61	1943.0	157136.0	1105022.0	138081.0	NA	NA	NA	NA	NA	NA	NA	NA	NA	0	0	{}	6144	6144	"{""200"": 4916, ""404"": 1228}"
synthetic	writeback/c256/mixed	after	1	NA	5196.34	2487.51	16927.0	95062.0	575977.0	92199.0	NA	NA	NA	NA	NA	NA	NA	NA	NA	0	0	{}	6144	6144	"{""200"": 4916, ""404"": 1228}"
synthetic	writeback/c256/mixed	after	2	NA	1401.28	670.8	226.0	156918.0	1166259.0	149411.0	NA	NA	NA	NA	NA	NA	NA	NA	NA	0	0	{}	6144	6144	"{""200"": 4916, ""404"": 1228}"
synthetic	writeback/c256/mixed	after	3	NA	1712.0	819.54	720.0	132947.0	1214395.0	125642.0	NA	NA	NA	NA	NA	NA	NA	NA	NA	0	0	{}	6144	6144	"{""200"": 4916, ""404"": 1228}"
synthetic	writeback/c256/put	before	1	NA	10746.57	6441.61	18212.0	31944.0	139078.0	27276.0	NA	NA	NA	NA	NA	NA	NA	NA	NA	0	0	{}	6144	6144	"{""200"": 6144}"
synthetic	writeback/c256/put	before	2	NA	10076.08	6039.72	16718.0	31115.0	147758.0	28216.0	NA	NA	NA	NA	NA	NA	NA	NA	NA	0	0	{}	6144	6144	"{""200"": 6144}"
synthetic	writeback/c256/put	before	3	NA	8690.13	5208.96	19737.0	34328.0	149757.0	28901.0	NA	NA	NA	NA	NA	NA	NA	NA	NA	0	0	{}	6144	6144	"{""200"": 6144}"
synthetic	writeback/c256/put	after	1	NA	10204.16	6116.49	19946.0	24777.0	123491.0	23151.0	NA	NA	NA	NA	NA	NA	NA	NA	NA	0	0	{}	6144	6144	"{""200"": 6144}"
synthetic	writeback/c256/put	after	2	NA	10019.35	6005.71	20331.0	26916.0	112005.0	24409.0	NA	NA	NA	NA	NA	NA	NA	NA	NA	0	0	{}	6144	6144	"{""200"": 6144}"
synthetic	writeback/c256/put	after	3	NA	9685.46	5805.57	20453.0	26322.0	129900.0	23320.0	NA	NA	NA	NA	NA	NA	NA	NA	NA	0	0	{}	6144	6144	"{""200"": 6144}"
synthetic	writeback/c32/get	before	1	NA	2025.49	1166.07	427.0	5070.0	203233.0	5012.0	NA	NA	NA	NA	NA	NA	NA	NA	NA	0	0	{}	768	768	"{""200"": 768}"
synthetic	writeback/c32/get	before	2	NA	1579.08	909.07	867.0	3119.0	145953.0	1657.0	NA	NA	NA	NA	NA	NA	NA	NA	NA	0	0	{}	768	768	"{""200"": 768}"
synthetic	writeback/c32/get	before	3	NA	3312.06	1906.75	1061.0	3017.0	76472.0	1674.0	NA	NA	NA	NA	NA	NA	NA	NA	NA	0	0	{}	768	768	"{""200"": 768}"
synthetic	writeback/c32/get	after	1	NA	1228.54	707.27	956.0	3540.0	74307.0	1494.0	NA	NA	NA	NA	NA	NA	NA	NA	NA	0	0	{}	768	768	"{""200"": 768}"
synthetic	writeback/c32/get	after	2	NA	3758.65	2163.85	669.0	4347.0	85522.0	2180.0	NA	NA	NA	NA	NA	NA	NA	NA	NA	0	0	{}	768	768	"{""200"": 768}"
synthetic	writeback/c32/get	after	3	NA	1970.36	1134.33	715.0	3355.0	107729.0	1858.0	NA	NA	NA	NA	NA	NA	NA	NA	NA	0	0	{}	768	768	"{""200"": 768}"
synthetic	writeback/c32/head-hit	before	1	NA	23479.84	0.0	85.0	3495.0	17959.0	3494.0	NA	NA	NA	NA	NA	NA	NA	NA	NA	0	0	{}	768	768	"{""200"": 768}"
synthetic	writeback/c32/head-hit	before	2	NA	22635.7	0.0	265.0	4335.0	9360.0	4332.0	NA	NA	NA	NA	NA	NA	NA	NA	NA	0	0	{}	768	768	"{""200"": 768}"
synthetic	writeback/c32/head-hit	before	3	NA	9836.8	0.0	79.0	4345.0	22967.0	4345.0	NA	NA	NA	NA	NA	NA	NA	NA	NA	0	0	{}	768	768	"{""200"": 768}"
synthetic	writeback/c32/head-hit	after	1	NA	27072.84	0.0	177.0	3473.0	15170.0	3472.0	NA	NA	NA	NA	NA	NA	NA	NA	NA	0	0	{}	768	768	"{""200"": 768}"
synthetic	writeback/c32/head-hit	after	2	NA	28554.39	0.0	135.0	2945.0	17823.0	2944.0	NA	NA	NA	NA	NA	NA	NA	NA	NA	0	0	{}	768	768	"{""200"": 768}"
synthetic	writeback/c32/head-hit	after	3	NA	11303.47	0.0	153.0	14709.0	30281.0	14707.0	NA	NA	NA	NA	NA	NA	NA	NA	NA	0	0	{}	768	768	"{""200"": 768}"
synthetic	writeback/c32/head-miss	before	1	NA	3357.52	0.0	3459.0	23506.0	52840.0	23505.0	NA	NA	NA	NA	NA	NA	NA	NA	NA	0	0	{}	768	768	"{""404"": 768}"
synthetic	writeback/c32/head-miss	before	2	NA	7238.96	0.0	4305.0	7741.0	12155.0	7740.0	NA	NA	NA	NA	NA	NA	NA	NA	NA	0	0	{}	768	768	"{""404"": 768}"
synthetic	writeback/c32/head-miss	before	3	NA	4919.29	0.0	4827.0	16515.0	33647.0	16515.0	NA	NA	NA	NA	NA	NA	NA	NA	NA	0	0	{}	768	768	"{""404"": 768}"
synthetic	writeback/c32/head-miss	after	1	NA	9329.1	0.0	2305.0	3567.0	21512.0	3567.0	NA	NA	NA	NA	NA	NA	NA	NA	NA	0	0	{}	768	768	"{""404"": 768}"
synthetic	writeback/c32/head-miss	after	2	NA	5034.28	0.0	4943.0	14986.0	30628.0	14736.0	NA	NA	NA	NA	NA	NA	NA	NA	NA	0	0	{}	768	768	"{""404"": 768}"
synthetic	writeback/c32/head-miss	after	3	NA	8229.95	0.0	2350.0	4188.0	10088.0	4187.0	NA	NA	NA	NA	NA	NA	NA	NA	NA	0	0	{}	768	768	"{""404"": 768}"
synthetic	writeback/c32/mixed	before	1	NA	826.89	383.4	701.0	27834.0	383456.0	21340.0	NA	NA	NA	NA	NA	NA	NA	NA	NA	0	0	{}	768	768	"{""200"": 615, ""404"": 153}"
synthetic	writeback/c32/mixed	before	2	NA	790.21	366.39	2071.0	72751.0	533906.0	24591.0	NA	NA	NA	NA	NA	NA	NA	NA	NA	0	0	{}	768	768	"{""200"": 615, ""404"": 153}"
synthetic	writeback/c32/mixed	before	3	NA	780.13	361.72	801.0	25072.0	458596.0	19180.0	NA	NA	NA	NA	NA	NA	NA	NA	NA	0	0	{}	768	768	"{""200"": 615, ""404"": 153}"
synthetic	writeback/c32/mixed	after	1	NA	914.26	423.91	1019.0	33994.0	358674.0	29357.0	NA	NA	NA	NA	NA	NA	NA	NA	NA	0	0	{}	768	768	"{""200"": 615, ""404"": 153}"
synthetic	writeback/c32/mixed	after	2	NA	811.32	376.18	531.0	27212.0	406450.0	23550.0	NA	NA	NA	NA	NA	NA	NA	NA	NA	0	0	{}	768	768	"{""200"": 615, ""404"": 153}"
synthetic	writeback/c32/mixed	after	3	NA	805.21	373.35	665.0	29530.0	420015.0	22195.0	NA	NA	NA	NA	NA	NA	NA	NA	NA	0	0	{}	768	768	"{""200"": 615, ""404"": 153}"
synthetic	writeback/c32/put	before	1	NA	16058.8	9245.03	1740.0	2477.0	6841.0	2476.0	NA	NA	NA	NA	NA	NA	NA	NA	NA	0	0	{}	768	768	"{""200"": 768}"
synthetic	writeback/c32/put	before	2	NA	16086.9	9261.21	1680.0	2650.0	7827.0	2648.0	NA	NA	NA	NA	NA	NA	NA	NA	NA	0	0	{}	768	768	"{""200"": 768}"
synthetic	writeback/c32/put	before	3	NA	16495.58	9496.49	1695.0	2251.0	7822.0	2249.0	NA	NA	NA	NA	NA	NA	NA	NA	NA	0	0	{}	768	768	"{""200"": 768}"
synthetic	writeback/c32/put	after	1	NA	14175.66	8160.91	1614.0	2671.0	8557.0	2670.0	NA	NA	NA	NA	NA	NA	NA	NA	NA	0	0	{}	768	768	"{""200"": 768}"
synthetic	writeback/c32/put	after	2	NA	16201.92	9327.43	1670.0	2622.0	6771.0	2618.0	NA	NA	NA	NA	NA	NA	NA	NA	NA	0	0	{}	768	768	"{""200"": 768}"
synthetic	writeback/c32/put	after	3	NA	15956.24	9185.99	1731.0	2569.0	8792.0	2567.0	NA	NA	NA	NA	NA	NA	NA	NA	NA	0	0	{}	768	768	"{""200"": 768}"
synthetic	writeback/c64/get	before	1	NA	4676.81	2803.33	766.0	15708.0	155688.0	15175.0	NA	NA	NA	NA	NA	NA	NA	NA	NA	0	0	{}	1536	1536	"{""200"": 1536}"
synthetic	writeback/c64/get	before	2	NA	7334.62	4396.45	1179.0	11759.0	106688.0	11305.0	NA	NA	NA	NA	NA	NA	NA	NA	NA	0	0	{}	1536	1536	"{""200"": 1536}"
synthetic	writeback/c64/get	before	3	NA	2868.31	1719.3	1444.0	7721.0	365675.0	5423.0	NA	NA	NA	NA	NA	NA	NA	NA	NA	0	0	{}	1536	1536	"{""200"": 1536}"
synthetic	writeback/c64/get	after	1	NA	2800.23	1678.49	1131.0	13242.0	336351.0	12340.0	NA	NA	NA	NA	NA	NA	NA	NA	NA	0	0	{}	1536	1536	"{""200"": 1536}"
synthetic	writeback/c64/get	after	2	NA	3035.68	1819.62	469.0	20577.0	276470.0	19924.0	NA	NA	NA	NA	NA	NA	NA	NA	NA	0	0	{}	1536	1536	"{""200"": 1536}"
synthetic	writeback/c64/get	after	3	NA	2669.95	1600.39	2286.0	6663.0	223929.0	3381.0	NA	NA	NA	NA	NA	NA	NA	NA	NA	0	0	{}	1536	1536	"{""200"": 1536}"
synthetic	writeback/c64/head-hit	before	1	NA	16540.33	0.0	65.0	10491.0	18939.0	10490.0	NA	NA	NA	NA	NA	NA	NA	NA	NA	0	0	{}	1536	1536	"{""200"": 1536}"
synthetic	writeback/c64/head-hit	before	2	NA	20262.27	0.0	59.0	9629.0	16845.0	9628.0	NA	NA	NA	NA	NA	NA	NA	NA	NA	0	0	{}	1536	1536	"{""200"": 1536}"
synthetic	writeback/c64/head-hit	before	3	NA	10642.07	0.0	46.0	15190.0	26337.0	15189.0	NA	NA	NA	NA	NA	NA	NA	NA	NA	0	0	{}	1536	1536	"{""200"": 1536}"
synthetic	writeback/c64/head-hit	after	1	NA	22616.16	0.0	102.0	8787.0	14985.0	8786.0	NA	NA	NA	NA	NA	NA	NA	NA	NA	0	0	{}	1536	1536	"{""200"": 1536}"
synthetic	writeback/c64/head-hit	after	2	NA	16345.29	0.0	60.0	9247.0	26743.0	9246.0	NA	NA	NA	NA	NA	NA	NA	NA	NA	0	0	{}	1536	1536	"{""200"": 1536}"
synthetic	writeback/c64/head-hit	after	3	NA	21868.43	0.0	72.0	7780.0	14018.0	7775.0	NA	NA	NA	NA	NA	NA	NA	NA	NA	0	0	{}	1536	1536	"{""200"": 1536}"
synthetic	writeback/c64/head-miss	before	1	NA	6647.98	0.0	9510.0	12453.0	17857.0	12452.0	NA	NA	NA	NA	NA	NA	NA	NA	NA	0	0	{}	1536	1536	"{""404"": 1536}"
synthetic	writeback/c64/head-miss	before	2	NA	7259.84	0.0	8783.0	12020.0	18817.0	12014.0	NA	NA	NA	NA	NA	NA	NA	NA	NA	0	0	{}	1536	1536	"{""404"": 1536}"
synthetic	writeback/c64/head-miss	before	3	NA	6536.36	0.0	9427.0	12411.0	17702.0	12385.0	NA	NA	NA	NA	NA	NA	NA	NA	NA	0	0	{}	1536	1536	"{""404"": 1536}"
synthetic	writeback/c64/head-miss	after	1	NA	2781.03	0.0	17227.0	48264.0	101631.0	48263.0	NA	NA	NA	NA	NA	NA	NA	NA	NA	0	0	{}	1536	1536	"{""404"": 1536}"
synthetic	writeback/c64/head-miss	after	2	NA	5704.39	0.0	10029.0	16992.0	23744.0	16960.0	NA	NA	NA	NA	NA	NA	NA	NA	NA	0	0	{}	1536	1536	"{""404"": 1536}"
synthetic	writeback/c64/head-miss	after	3	NA	5102.39	0.0	10458.0	23978.0	48598.0	23751.0	NA	NA	NA	NA	NA	NA	NA	NA	NA	0	0	{}	1536	1536	"{""404"": 1536}"
synthetic	writeback/c64/mixed	before	1	NA	1395.23	673.27	9076.0	74753.0	616741.0	47881.0	NA	NA	NA	NA	NA	NA	NA	NA	NA	0	0	{}	1536	1536	"{""200"": 1230, ""404"": 306}"
synthetic	writeback/c64/mixed	before	2	NA	1282.55	618.89	5922.0	81782.0	714021.0	48204.0	NA	NA	NA	NA	NA	NA	NA	NA	NA	0	0	{}	1536	1536	"{""200"": 1230, ""404"": 306}"
synthetic	writeback/c64/mixed	before	3	NA	1169.6	564.39	6855.0	85899.0	869150.0	40059.0	NA	NA	NA	NA	NA	NA	NA	NA	NA	0	0	{}	1536	1536	"{""200"": 1230, ""404"": 306}"
synthetic	writeback/c64/mixed	after	1	NA	767.0	370.12	1143.0	44037.0	806544.0	38161.0	NA	NA	NA	NA	NA	NA	NA	NA	NA	0	0	{}	1536	1536	"{""200"": 1230, ""404"": 306}"
synthetic	writeback/c64/mixed	after	2	NA	1343.67	648.39	4447.0	53816.0	588697.0	41067.0	NA	NA	NA	NA	NA	NA	NA	NA	NA	0	0	{}	1536	1536	"{""200"": 1230, ""404"": 306}"
synthetic	writeback/c64/mixed	after	3	NA	815.04	393.3	583.0	28407.0	936724.0	27092.0	NA	NA	NA	NA	NA	NA	NA	NA	NA	0	0	{}	1536	1536	"{""200"": 1230, ""404"": 306}"
synthetic	writeback/c64/put	before	1	NA	13716.96	8222.1	3981.0	5512.0	19225.0	5510.0	NA	NA	NA	NA	NA	NA	NA	NA	NA	0	0	{}	1536	1536	"{""200"": 1536}"
synthetic	writeback/c64/put	before	2	NA	13746.22	8239.63	4059.0	5499.0	19665.0	5491.0	NA	NA	NA	NA	NA	NA	NA	NA	NA	0	0	{}	1536	1536	"{""200"": 1536}"
synthetic	writeback/c64/put	before	3	NA	13759.96	8247.87	4006.0	5535.0	19099.0	5532.0	NA	NA	NA	NA	NA	NA	NA	NA	NA	0	0	{}	1536	1536	"{""200"": 1536}"
synthetic	writeback/c64/put	after	1	NA	13319.22	7983.69	4142.0	5616.0	19366.0	5614.0	NA	NA	NA	NA	NA	NA	NA	NA	NA	0	0	{}	1536	1536	"{""200"": 1536}"
synthetic	writeback/c64/put	after	2	NA	6623.14	3969.98	3753.0	4936.0	18916.0	4935.0	NA	NA	NA	NA	NA	NA	NA	NA	NA	0	0	{}	1536	1536	"{""200"": 1536}"
synthetic	writeback/c64/put	after	3	NA	12857.1	7706.69	4259.0	5772.0	20179.0	5770.0	NA	NA	NA	NA	NA	NA	NA	NA	NA	0	0	{}	1536	1536	"{""200"": 1536}"
synthetic	writeback/c8/get	before	1	NA	1740.76	1043.43	77.0	1626.0	83840.0	1478.0	NA	NA	NA	NA	NA	NA	NA	NA	NA	0	0	{}	512	512	"{""200"": 512}"
synthetic	writeback/c8/get	before	2	NA	973.29	583.4	155.0	1972.0	59527.0	1850.0	NA	NA	NA	NA	NA	NA	NA	NA	NA	0	0	{}	512	512	"{""200"": 512}"
synthetic	writeback/c8/get	before	3	NA	1638.79	982.31	252.0	2387.0	39072.0	1821.0	NA	NA	NA	NA	NA	NA	NA	NA	NA	0	0	{}	512	512	"{""200"": 512}"
synthetic	writeback/c8/get	after	1	NA	2836.65	1700.32	163.0	3192.0	52573.0	3188.0	NA	NA	NA	NA	NA	NA	NA	NA	NA	0	0	{}	512	512	"{""200"": 512}"
synthetic	writeback/c8/get	after	2	NA	1412.36	846.58	106.0	1830.0	58808.0	1582.0	NA	NA	NA	NA	NA	NA	NA	NA	NA	0	0	{}	512	512	"{""200"": 512}"
synthetic	writeback/c8/get	after	3	NA	1357.86	813.92	195.0	4538.0	83848.0	4522.0	NA	NA	NA	NA	NA	NA	NA	NA	NA	0	0	{}	512	512	"{""200"": 512}"
synthetic	writeback/c8/head-hit	before	1	NA	10200.66	0.0	81.0	1302.0	18593.0	1301.0	NA	NA	NA	NA	NA	NA	NA	NA	NA	0	0	{}	512	512	"{""200"": 512}"
synthetic	writeback/c8/head-hit	before	2	NA	6400.71	0.0	94.0	1380.0	25464.0	1379.0	NA	NA	NA	NA	NA	NA	NA	NA	NA	0	0	{}	512	512	"{""200"": 512}"
synthetic	writeback/c8/head-hit	before	3	NA	13061.71	0.0	85.0	1601.0	5369.0	1573.0	NA	NA	NA	NA	NA	NA	NA	NA	NA	0	0	{}	512	512	"{""200"": 512}"
synthetic	writeback/c8/head-hit	after	1	NA	6179.89	0.0	71.0	2203.0	19412.0	2202.0	NA	NA	NA	NA	NA	NA	NA	NA	NA	0	0	{}	512	512	"{""200"": 512}"
synthetic	writeback/c8/head-hit	after	2	NA	12738.92	0.0	72.0	1544.0	7322.0	1543.0	NA	NA	NA	NA	NA	NA	NA	NA	NA	0	0	{}	512	512	"{""200"": 512}"
synthetic	writeback/c8/head-hit	after	3	NA	17732.55	0.0	75.0	1250.0	4302.0	1160.0	NA	NA	NA	NA	NA	NA	NA	NA	NA	0	0	{}	512	512	"{""200"": 512}"
synthetic	writeback/c8/head-miss	before	1	NA	6286.39	0.0	560.0	1740.0	15214.0	1740.0	NA	NA	NA	NA	NA	NA	NA	NA	NA	0	0	{}	512	512	"{""404"": 512}"
synthetic	writeback/c8/head-miss	before	2	NA	7104.43	0.0	486.0	1176.0	17628.0	1176.0	NA	NA	NA	NA	NA	NA	NA	NA	NA	0	0	{}	512	512	"{""404"": 512}"
synthetic	writeback/c8/head-miss	before	3	NA	6915.42	0.0	687.0	1603.0	13152.0	1603.0	NA	NA	NA	NA	NA	NA	NA	NA	NA	0	0	{}	512	512	"{""404"": 512}"
synthetic	writeback/c8/head-miss	after	1	NA	7218.19	0.0	552.0	1238.0	19535.0	1238.0	NA	NA	NA	NA	NA	NA	NA	NA	NA	0	0	{}	512	512	"{""404"": 512}"
synthetic	writeback/c8/head-miss	after	2	NA	4026.23	0.0	560.0	3410.0	22710.0	3410.0	NA	NA	NA	NA	NA	NA	NA	NA	NA	0	0	{}	512	512	"{""404"": 512}"
synthetic	writeback/c8/head-miss	after	3	NA	3824.94	0.0	576.0	2073.0	24637.0	2073.0	NA	NA	NA	NA	NA	NA	NA	NA	NA	0	0	{}	512	512	"{""404"": 512}"
synthetic	writeback/c8/mixed	before	1	NA	618.54	297.93	1144.0	29064.0	159951.0	12939.0	NA	NA	NA	NA	NA	NA	NA	NA	NA	0	0	{}	512	512	"{""200"": 410, ""404"": 102}"
synthetic	writeback/c8/mixed	before	2	NA	583.72	281.15	1508.0	29166.0	215287.0	9964.0	NA	NA	NA	NA	NA	NA	NA	NA	NA	0	0	{}	512	512	"{""200"": 410, ""404"": 102}"
synthetic	writeback/c8/mixed	before	3	NA	618.49	297.9	1057.0	27737.0	171880.0	12375.0	NA	NA	NA	NA	NA	NA	NA	NA	NA	0	0	{}	512	512	"{""200"": 410, ""404"": 102}"
synthetic	writeback/c8/mixed	after	1	NA	709.6	341.78	758.0	21697.0	226800.0	14765.0	NA	NA	NA	NA	NA	NA	NA	NA	NA	0	0	{}	512	512	"{""200"": 410, ""404"": 102}"
synthetic	writeback/c8/mixed	after	2	NA	658.08	316.97	757.0	23741.0	186392.0	14023.0	NA	NA	NA	NA	NA	NA	NA	NA	NA	0	0	{}	512	512	"{""200"": 410, ""404"": 102}"
synthetic	writeback/c8/mixed	after	3	NA	985.24	474.55	685.0	19208.0	122033.0	11734.0	NA	NA	NA	NA	NA	NA	NA	NA	NA	0	0	{}	512	512	"{""200"": 410, ""404"": 102}"
synthetic	writeback/c8/put	before	1	NA	9235.69	5535.97	491.0	1904.0	5662.0	1887.0	NA	NA	NA	NA	NA	NA	NA	NA	NA	0	0	{}	512	512	"{""200"": 512}"
synthetic	writeback/c8/put	before	2	NA	15915.63	9540.01	327.0	884.0	2893.0	882.0	NA	NA	NA	NA	NA	NA	NA	NA	NA	0	0	{}	512	512	"{""200"": 512}"
synthetic	writeback/c8/put	before	3	NA	8695.22	5212.01	581.0	2093.0	4384.0	2085.0	NA	NA	NA	NA	NA	NA	NA	NA	NA	0	0	{}	512	512	"{""200"": 512}"
synthetic	writeback/c8/put	after	1	NA	8774.45	5259.5	618.0	1739.0	4618.0	1738.0	NA	NA	NA	NA	NA	NA	NA	NA	NA	0	0	{}	512	512	"{""200"": 512}"
synthetic	writeback/c8/put	after	2	NA	9075.2	5439.77	542.0	2037.0	4045.0	2034.0	NA	NA	NA	NA	NA	NA	NA	NA	NA	0	0	{}	512	512	"{""200"": 512}"
synthetic	writeback/c8/put	after	3	NA	8791.01	5269.43	576.0	2179.0	4267.0	2177.0	NA	NA	NA	NA	NA	NA	NA	NA	NA	0	0	{}	512	512	"{""200"": 512}"
build	local/j16/cold	before	1	NA	NA	NA	NA	NA	NA	NA	7.2	0.0	28.0	28.0	0.0	0.0	0.0	0.0	0.48	NA	NA	NA	NA	NA	NA
build	local/j16/cold	before	2	NA	NA	NA	NA	NA	NA	NA	7.2	0.0	28.0	28.0	0.0	0.0	0.0	0.0	0.5	NA	NA	NA	NA	NA	NA
build	local/j16/cold	before	3	NA	NA	NA	NA	NA	NA	NA	7.2	0.0	28.0	28.0	0.0	0.0	0.0	0.0	0.49	NA	NA	NA	NA	NA	NA
build	local/j16/cold	after	1	NA	NA	NA	NA	NA	NA	NA	7.2	0.0	28.0	28.0	0.0	0.0	0.0	0.0	0.79	NA	NA	NA	NA	NA	NA
build	local/j16/cold	after	2	NA	NA	NA	NA	NA	NA	NA	7.2	0.0	28.0	28.0	0.0	0.0	0.0	0.0	0.64	NA	NA	NA	NA	NA	NA
build	local/j16/cold	after	3	NA	NA	NA	NA	NA	NA	NA	7.1	0.0	28.0	28.0	0.0	0.0	0.0	0.0	0.48	NA	NA	NA	NA	NA	NA
build	local/j16/warm	before	1	NA	NA	NA	NA	NA	NA	NA	2.2	28.0	0.0	0.0	0.0	0.0	0.0	0.26	0.0	NA	NA	NA	NA	NA	NA
build	local/j16/warm	before	2	NA	NA	NA	NA	NA	NA	NA	2.1	28.0	0.0	0.0	0.0	0.0	0.0	0.17	0.0	NA	NA	NA	NA	NA	NA
build	local/j16/warm	before	3	NA	NA	NA	NA	NA	NA	NA	2.1	28.0	0.0	0.0	0.0	0.0	0.0	0.19	0.0	NA	NA	NA	NA	NA	NA
build	local/j16/warm	after	1	NA	NA	NA	NA	NA	NA	NA	2.1	28.0	0.0	0.0	0.0	0.0	0.0	0.51	0.0	NA	NA	NA	NA	NA	NA
build	local/j16/warm	after	2	NA	NA	NA	NA	NA	NA	NA	2.1	28.0	0.0	0.0	0.0	0.0	0.0	0.2	0.0	NA	NA	NA	NA	NA	NA
build	local/j16/warm	after	3	NA	NA	NA	NA	NA	NA	NA	2.2	28.0	0.0	0.0	0.0	0.0	0.0	0.18	0.0	NA	NA	NA	NA	NA	NA
build	nocache/j16/full	before	1	NA	NA	NA	NA	NA	NA	NA	5.9	0.0	0.0	0.0	0.0	0.0	0.0	0.0	0.0	NA	NA	NA	NA	NA	NA
build	nocache/j16/full	before	2	NA	NA	NA	NA	NA	NA	NA	5.6	0.0	0.0	0.0	0.0	0.0	0.0	0.0	0.0	NA	NA	NA	NA	NA	NA
build	nocache/j16/full	before	3	NA	NA	NA	NA	NA	NA	NA	5.6	0.0	0.0	0.0	0.0	0.0	0.0	0.0	0.0	NA	NA	NA	NA	NA	NA
build	nocache/j16/full	after	1	NA	NA	NA	NA	NA	NA	NA	5.6	0.0	0.0	0.0	0.0	0.0	0.0	0.0	0.0	NA	NA	NA	NA	NA	NA
build	nocache/j16/full	after	2	NA	NA	NA	NA	NA	NA	NA	5.6	0.0	0.0	0.0	0.0	0.0	0.0	0.0	0.0	NA	NA	NA	NA	NA	NA
build	nocache/j16/full	after	3	NA	NA	NA	NA	NA	NA	NA	5.7	0.0	0.0	0.0	0.0	0.0	0.0	0.0	0.0	NA	NA	NA	NA	NA	NA
build	spiceio/j16/cold	before	1	NA	NA	NA	NA	NA	NA	NA	7.3	0.0	28.0	28.0	0.0	0.0	0.0	0.0	0.66	NA	NA	NA	NA	NA	NA
build	spiceio/j16/cold	before	2	NA	NA	NA	NA	NA	NA	NA	7.4	0.0	28.0	28.0	0.0	0.0	0.0	0.0	1.07	NA	NA	NA	NA	NA	NA
build	spiceio/j16/cold	before	3	NA	NA	NA	NA	NA	NA	NA	7.2	0.0	28.0	28.0	0.0	0.0	0.0	0.0	0.65	NA	NA	NA	NA	NA	NA
build	spiceio/j16/cold	after	1	NA	NA	NA	NA	NA	NA	NA	7.2	0.0	28.0	28.0	0.0	0.0	0.0	0.0	0.65	NA	NA	NA	NA	NA	NA
build	spiceio/j16/cold	after	2	NA	NA	NA	NA	NA	NA	NA	7.2	0.0	28.0	28.0	0.0	0.0	0.0	0.0	0.61	NA	NA	NA	NA	NA	NA
build	spiceio/j16/cold	after	3	NA	NA	NA	NA	NA	NA	NA	7.2	0.0	28.0	28.0	0.0	0.0	0.0	0.0	0.78	NA	NA	NA	NA	NA	NA
build	spiceio/j16/warm	before	1	NA	NA	NA	NA	NA	NA	NA	2.5	28.0	0.0	0.0	0.0	0.0	0.0	21.0	0.0	NA	NA	NA	NA	NA	NA
build	spiceio/j16/warm	before	2	NA	NA	NA	NA	NA	NA	NA	2.5	28.0	0.0	0.0	0.0	0.0	0.0	19.57	0.0	NA	NA	NA	NA	NA	NA
build	spiceio/j16/warm	before	3	NA	NA	NA	NA	NA	NA	NA	2.5	28.0	0.0	0.0	0.0	0.0	0.0	21.44	0.0	NA	NA	NA	NA	NA	NA
build	spiceio/j16/warm	after	1	NA	NA	NA	NA	NA	NA	NA	2.5	28.0	0.0	0.0	0.0	0.0	0.0	20.93	0.0	NA	NA	NA	NA	NA	NA
build	spiceio/j16/warm	after	2	NA	NA	NA	NA	NA	NA	NA	2.5	28.0	0.0	0.0	0.0	0.0	0.0	21.03	0.0	NA	NA	NA	NA	NA	NA
build	spiceio/j16/warm	after	3	NA	NA	NA	NA	NA	NA	NA	2.6	28.0	0.0	0.0	0.0	0.0	0.0	25.75	0.0	NA	NA	NA	NA	NA	NA
live_throughput	GET/100M	before	1	NA	NA	77.8	NA	NA	NA	NA	1.28	NA	NA	NA	NA	NA	NA	NA	NA	NA	NA	NA	NA	NA	NA
live_throughput	GET/100M	before	2	NA	NA	80.9	NA	NA	NA	NA	1.24	NA	NA	NA	NA	NA	NA	NA	NA	NA	NA	NA	NA	NA	NA
live_throughput	GET/100M	before	3	NA	NA	81.5	NA	NA	NA	NA	1.23	NA	NA	NA	NA	NA	NA	NA	NA	NA	NA	NA	NA	NA	NA
live_throughput	GET/100M	after	1	NA	NA	82.0	NA	NA	NA	NA	1.22	NA	NA	NA	NA	NA	NA	NA	NA	NA	NA	NA	NA	NA	NA
live_throughput	GET/100M	after	2	NA	NA	83.5	NA	NA	NA	NA	1.2	NA	NA	NA	NA	NA	NA	NA	NA	NA	NA	NA	NA	NA	NA
live_throughput	GET/100M	after	3	NA	NA	79.4	NA	NA	NA	NA	1.26	NA	NA	NA	NA	NA	NA	NA	NA	NA	NA	NA	NA	NA	NA
live_throughput	GET/10M	before	1	NA	NA	25.4	NA	NA	NA	NA	0.39	NA	NA	NA	NA	NA	NA	NA	NA	NA	NA	NA	NA	NA	NA
live_throughput	GET/10M	before	2	NA	NA	22.2	NA	NA	NA	NA	0.45	NA	NA	NA	NA	NA	NA	NA	NA	NA	NA	NA	NA	NA	NA
live_throughput	GET/10M	before	3	NA	NA	23.8	NA	NA	NA	NA	0.42	NA	NA	NA	NA	NA	NA	NA	NA	NA	NA	NA	NA	NA	NA
live_throughput	GET/10M	after	1	NA	NA	24.6	NA	NA	NA	NA	0.41	NA	NA	NA	NA	NA	NA	NA	NA	NA	NA	NA	NA	NA	NA
live_throughput	GET/10M	after	2	NA	NA	25.2	NA	NA	NA	NA	0.4	NA	NA	NA	NA	NA	NA	NA	NA	NA	NA	NA	NA	NA	NA
live_throughput	GET/10M	after	3	NA	NA	23.1	NA	NA	NA	NA	0.43	NA	NA	NA	NA	NA	NA	NA	NA	NA	NA	NA	NA	NA	NA
live_throughput	GET/1G	before	1	NA	NA	106.0	NA	NA	NA	NA	9.66	NA	NA	NA	NA	NA	NA	NA	NA	NA	NA	NA	NA	NA	NA
live_throughput	GET/1G	before	2	NA	NA	104.7	NA	NA	NA	NA	9.78	NA	NA	NA	NA	NA	NA	NA	NA	NA	NA	NA	NA	NA	NA
live_throughput	GET/1G	before	3	NA	NA	105.6	NA	NA	NA	NA	9.7	NA	NA	NA	NA	NA	NA	NA	NA	NA	NA	NA	NA	NA	NA
live_throughput	GET/1G	after	1	NA	NA	106.0	NA	NA	NA	NA	9.66	NA	NA	NA	NA	NA	NA	NA	NA	NA	NA	NA	NA	NA	NA
live_throughput	GET/1G	after	2	NA	NA	106.0	NA	NA	NA	NA	9.66	NA	NA	NA	NA	NA	NA	NA	NA	NA	NA	NA	NA	NA	NA
live_throughput	GET/1G	after	3	NA	NA	104.8	NA	NA	NA	NA	9.77	NA	NA	NA	NA	NA	NA	NA	NA	NA	NA	NA	NA	NA	NA
live_throughput	GET/1M	before	1	NA	NA	2.7	NA	NA	NA	NA	0.37	NA	NA	NA	NA	NA	NA	NA	NA	NA	NA	NA	NA	NA	NA
live_throughput	GET/1M	before	2	NA	NA	3.3	NA	NA	NA	NA	0.31	NA	NA	NA	NA	NA	NA	NA	NA	NA	NA	NA	NA	NA	NA
live_throughput	GET/1M	before	3	NA	NA	3.3	NA	NA	NA	NA	0.31	NA	NA	NA	NA	NA	NA	NA	NA	NA	NA	NA	NA	NA	NA
live_throughput	GET/1M	after	1	NA	NA	2.9	NA	NA	NA	NA	0.35	NA	NA	NA	NA	NA	NA	NA	NA	NA	NA	NA	NA	NA	NA
live_throughput	GET/1M	after	2	NA	NA	3.3	NA	NA	NA	NA	0.3	NA	NA	NA	NA	NA	NA	NA	NA	NA	NA	NA	NA	NA	NA
live_throughput	GET/1M	after	3	NA	NA	2.9	NA	NA	NA	NA	0.35	NA	NA	NA	NA	NA	NA	NA	NA	NA	NA	NA	NA	NA	NA
live_throughput	GET/500M	before	1	NA	NA	102.0	NA	NA	NA	NA	4.9	NA	NA	NA	NA	NA	NA	NA	NA	NA	NA	NA	NA	NA	NA
live_throughput	GET/500M	before	2	NA	NA	102.4	NA	NA	NA	NA	4.88	NA	NA	NA	NA	NA	NA	NA	NA	NA	NA	NA	NA	NA	NA
live_throughput	GET/500M	before	3	NA	NA	103.0	NA	NA	NA	NA	4.85	NA	NA	NA	NA	NA	NA	NA	NA	NA	NA	NA	NA	NA	NA
live_throughput	GET/500M	after	1	NA	NA	102.3	NA	NA	NA	NA	4.89	NA	NA	NA	NA	NA	NA	NA	NA	NA	NA	NA	NA	NA	NA
live_throughput	GET/500M	after	2	NA	NA	99.3	NA	NA	NA	NA	5.03	NA	NA	NA	NA	NA	NA	NA	NA	NA	NA	NA	NA	NA	NA
live_throughput	GET/500M	after	3	NA	NA	102.8	NA	NA	NA	NA	4.87	NA	NA	NA	NA	NA	NA	NA	NA	NA	NA	NA	NA	NA	NA
live_throughput	GET/50M	before	1	NA	NA	62.8	NA	NA	NA	NA	0.8	NA	NA	NA	NA	NA	NA	NA	NA	NA	NA	NA	NA	NA	NA
live_throughput	GET/50M	before	2	NA	NA	63.9	NA	NA	NA	NA	0.78	NA	NA	NA	NA	NA	NA	NA	NA	NA	NA	NA	NA	NA	NA
live_throughput	GET/50M	before	3	NA	NA	64.8	NA	NA	NA	NA	0.77	NA	NA	NA	NA	NA	NA	NA	NA	NA	NA	NA	NA	NA	NA
live_throughput	GET/50M	after	1	NA	NA	60.3	NA	NA	NA	NA	0.83	NA	NA	NA	NA	NA	NA	NA	NA	NA	NA	NA	NA	NA	NA
live_throughput	GET/50M	after	2	NA	NA	66.0	NA	NA	NA	NA	0.76	NA	NA	NA	NA	NA	NA	NA	NA	NA	NA	NA	NA	NA	NA
live_throughput	GET/50M	after	3	NA	NA	63.4	NA	NA	NA	NA	0.79	NA	NA	NA	NA	NA	NA	NA	NA	NA	NA	NA	NA	NA	NA
live_throughput	GET/mount 100M	before	1	NA	NA	91.8	NA	NA	NA	NA	1.09	NA	NA	NA	NA	NA	NA	NA	NA	NA	NA	NA	NA	NA	NA
live_throughput	GET/mount 100M	before	2	NA	NA	93.4	NA	NA	NA	NA	1.07	NA	NA	NA	NA	NA	NA	NA	NA	NA	NA	NA	NA	NA	NA
live_throughput	GET/mount 100M	before	3	NA	NA	91.7	NA	NA	NA	NA	1.09	NA	NA	NA	NA	NA	NA	NA	NA	NA	NA	NA	NA	NA	NA
live_throughput	GET/mount 100M	after	1	NA	NA	92.0	NA	NA	NA	NA	1.09	NA	NA	NA	NA	NA	NA	NA	NA	NA	NA	NA	NA	NA	NA
live_throughput	GET/mount 100M	after	2	NA	NA	93.0	NA	NA	NA	NA	1.07	NA	NA	NA	NA	NA	NA	NA	NA	NA	NA	NA	NA	NA	NA
live_throughput	GET/mount 100M	after	3	NA	NA	93.8	NA	NA	NA	NA	1.07	NA	NA	NA	NA	NA	NA	NA	NA	NA	NA	NA	NA	NA	NA
live_throughput	GET/mount 500M	before	1	NA	NA	92.9	NA	NA	NA	NA	5.39	NA	NA	NA	NA	NA	NA	NA	NA	NA	NA	NA	NA	NA	NA
live_throughput	GET/mount 500M	before	2	NA	NA	87.0	NA	NA	NA	NA	5.75	NA	NA	NA	NA	NA	NA	NA	NA	NA	NA	NA	NA	NA	NA
live_throughput	GET/mount 500M	before	3	NA	NA	94.8	NA	NA	NA	NA	5.28	NA	NA	NA	NA	NA	NA	NA	NA	NA	NA	NA	NA	NA	NA
live_throughput	GET/mount 500M	after	1	NA	NA	95.5	NA	NA	NA	NA	5.24	NA	NA	NA	NA	NA	NA	NA	NA	NA	NA	NA	NA	NA	NA
live_throughput	GET/mount 500M	after	2	NA	NA	93.0	NA	NA	NA	NA	5.38	NA	NA	NA	NA	NA	NA	NA	NA	NA	NA	NA	NA	NA	NA
live_throughput	GET/mount 500M	after	3	NA	NA	94.3	NA	NA	NA	NA	5.3	NA	NA	NA	NA	NA	NA	NA	NA	NA	NA	NA	NA	NA	NA
live_throughput	GET/x8 100M	before	1	NA	NA	104.4	NA	NA	NA	NA	7.67	NA	NA	NA	NA	NA	NA	NA	NA	NA	NA	NA	NA	NA	NA
live_throughput	GET/x8 100M	before	2	NA	NA	103.5	NA	NA	NA	NA	7.73	NA	NA	NA	NA	NA	NA	NA	NA	NA	NA	NA	NA	NA	NA
live_throughput	GET/x8 100M	before	3	NA	NA	102.4	NA	NA	NA	NA	7.81	NA	NA	NA	NA	NA	NA	NA	NA	NA	NA	NA	NA	NA	NA
live_throughput	GET/x8 100M	after	1	NA	NA	103.5	NA	NA	NA	NA	7.73	NA	NA	NA	NA	NA	NA	NA	NA	NA	NA	NA	NA	NA	NA
live_throughput	GET/x8 100M	after	2	NA	NA	103.3	NA	NA	NA	NA	7.74	NA	NA	NA	NA	NA	NA	NA	NA	NA	NA	NA	NA	NA	NA
live_throughput	GET/x8 100M	after	3	NA	NA	103.2	NA	NA	NA	NA	7.75	NA	NA	NA	NA	NA	NA	NA	NA	NA	NA	NA	NA	NA	NA
live_throughput	GET/x8 500M	before	1	NA	NA	107.0	NA	NA	NA	NA	37.39	NA	NA	NA	NA	NA	NA	NA	NA	NA	NA	NA	NA	NA	NA
live_throughput	GET/x8 500M	before	2	NA	NA	105.4	NA	NA	NA	NA	37.95	NA	NA	NA	NA	NA	NA	NA	NA	NA	NA	NA	NA	NA	NA
live_throughput	GET/x8 500M	before	3	NA	NA	108.3	NA	NA	NA	NA	36.93	NA	NA	NA	NA	NA	NA	NA	NA	NA	NA	NA	NA	NA	NA
live_throughput	GET/x8 500M	after	1	NA	NA	108.0	NA	NA	NA	NA	37.03	NA	NA	NA	NA	NA	NA	NA	NA	NA	NA	NA	NA	NA	NA
live_throughput	GET/x8 500M	after	2	NA	NA	108.6	NA	NA	NA	NA	36.85	NA	NA	NA	NA	NA	NA	NA	NA	NA	NA	NA	NA	NA	NA
live_throughput	GET/x8 500M	after	3	NA	NA	107.4	NA	NA	NA	NA	37.24	NA	NA	NA	NA	NA	NA	NA	NA	NA	NA	NA	NA	NA	NA
live_throughput	PUT/100M	before	1	NA	NA	67.9	NA	NA	NA	NA	1.47	NA	NA	NA	NA	NA	NA	NA	NA	NA	NA	NA	NA	NA	NA
live_throughput	PUT/100M	before	2	NA	NA	72.8	NA	NA	NA	NA	1.37	NA	NA	NA	NA	NA	NA	NA	NA	NA	NA	NA	NA	NA	NA
live_throughput	PUT/100M	before	3	NA	NA	71.4	NA	NA	NA	NA	1.4	NA	NA	NA	NA	NA	NA	NA	NA	NA	NA	NA	NA	NA	NA
live_throughput	PUT/100M	after	1	NA	NA	58.9	NA	NA	NA	NA	1.7	NA	NA	NA	NA	NA	NA	NA	NA	NA	NA	NA	NA	NA	NA
live_throughput	PUT/100M	after	2	NA	NA	74.7	NA	NA	NA	NA	1.34	NA	NA	NA	NA	NA	NA	NA	NA	NA	NA	NA	NA	NA	NA
live_throughput	PUT/100M	after	3	NA	NA	70.2	NA	NA	NA	NA	1.42	NA	NA	NA	NA	NA	NA	NA	NA	NA	NA	NA	NA	NA	NA
live_throughput	PUT/100x1M	before	1	NA	NA	3.9	NA	NA	NA	NA	25.79	NA	NA	NA	NA	NA	NA	NA	NA	NA	NA	NA	NA	NA	NA
live_throughput	PUT/100x1M	before	2	NA	NA	3.8	NA	NA	NA	NA	26.54	NA	NA	NA	NA	NA	NA	NA	NA	NA	NA	NA	NA	NA	NA
live_throughput	PUT/100x1M	before	3	NA	NA	3.7	NA	NA	NA	NA	27.31	NA	NA	NA	NA	NA	NA	NA	NA	NA	NA	NA	NA	NA	NA
live_throughput	PUT/100x1M	after	1	NA	NA	3.9	NA	NA	NA	NA	25.85	NA	NA	NA	NA	NA	NA	NA	NA	NA	NA	NA	NA	NA	NA
live_throughput	PUT/100x1M	after	2	NA	NA	4.0	NA	NA	NA	NA	24.98	NA	NA	NA	NA	NA	NA	NA	NA	NA	NA	NA	NA	NA	NA
live_throughput	PUT/100x1M	after	3	NA	NA	3.9	NA	NA	NA	NA	25.66	NA	NA	NA	NA	NA	NA	NA	NA	NA	NA	NA	NA	NA	NA
live_throughput	PUT/10M	before	1	NA	NA	17.9	NA	NA	NA	NA	0.56	NA	NA	NA	NA	NA	NA	NA	NA	NA	NA	NA	NA	NA	NA
live_throughput	PUT/10M	before	2	NA	NA	21.0	NA	NA	NA	NA	0.48	NA	NA	NA	NA	NA	NA	NA	NA	NA	NA	NA	NA	NA	NA
live_throughput	PUT/10M	before	3	NA	NA	20.4	NA	NA	NA	NA	0.49	NA	NA	NA	NA	NA	NA	NA	NA	NA	NA	NA	NA	NA	NA
live_throughput	PUT/10M	after	1	NA	NA	19.3	NA	NA	NA	NA	0.52	NA	NA	NA	NA	NA	NA	NA	NA	NA	NA	NA	NA	NA	NA
live_throughput	PUT/10M	after	2	NA	NA	21.9	NA	NA	NA	NA	0.46	NA	NA	NA	NA	NA	NA	NA	NA	NA	NA	NA	NA	NA	NA
live_throughput	PUT/10M	after	3	NA	NA	20.8	NA	NA	NA	NA	0.48	NA	NA	NA	NA	NA	NA	NA	NA	NA	NA	NA	NA	NA	NA
live_throughput	PUT/10x50M	before	1	NA	NA	52.0	NA	NA	NA	NA	9.61	NA	NA	NA	NA	NA	NA	NA	NA	NA	NA	NA	NA	NA	NA
live_throughput	PUT/10x50M	before	2	NA	NA	59.3	NA	NA	NA	NA	8.43	NA	NA	NA	NA	NA	NA	NA	NA	NA	NA	NA	NA	NA	NA
live_throughput	PUT/10x50M	before	3	NA	NA	57.7	NA	NA	NA	NA	8.66	NA	NA	NA	NA	NA	NA	NA	NA	NA	NA	NA	NA	NA	NA
live_throughput	PUT/10x50M	after	1	NA	NA	59.8	NA	NA	NA	NA	8.36	NA	NA	NA	NA	NA	NA	NA	NA	NA	NA	NA	NA	NA	NA
live_throughput	PUT/10x50M	after	2	NA	NA	62.1	NA	NA	NA	NA	8.05	NA	NA	NA	NA	NA	NA	NA	NA	NA	NA	NA	NA	NA	NA
live_throughput	PUT/10x50M	after	3	NA	NA	55.9	NA	NA	NA	NA	8.95	NA	NA	NA	NA	NA	NA	NA	NA	NA	NA	NA	NA	NA	NA
live_throughput	PUT/1G	before	1	NA	NA	73.9	NA	NA	NA	NA	13.85	NA	NA	NA	NA	NA	NA	NA	NA	NA	NA	NA	NA	NA	NA
live_throughput	PUT/1G	before	2	NA	NA	98.9	NA	NA	NA	NA	10.35	NA	NA	NA	NA	NA	NA	NA	NA	NA	NA	NA	NA	NA	NA
live_throughput	PUT/1G	before	3	NA	NA	92.8	NA	NA	NA	NA	11.04	NA	NA	NA	NA	NA	NA	NA	NA	NA	NA	NA	NA	NA	NA
live_throughput	PUT/1G	after	1	NA	NA	85.4	NA	NA	NA	NA	12.0	NA	NA	NA	NA	NA	NA	NA	NA	NA	NA	NA	NA	NA	NA
live_throughput	PUT/1G	after	2	NA	NA	100.6	NA	NA	NA	NA	10.18	NA	NA	NA	NA	NA	NA	NA	NA	NA	NA	NA	NA	NA	NA
live_throughput	PUT/1G	after	3	NA	NA	94.6	NA	NA	NA	NA	10.82	NA	NA	NA	NA	NA	NA	NA	NA	NA	NA	NA	NA	NA	NA
live_throughput	PUT/1M	before	1	NA	NA	3.7	NA	NA	NA	NA	0.27	NA	NA	NA	NA	NA	NA	NA	NA	NA	NA	NA	NA	NA	NA
live_throughput	PUT/1M	before	2	NA	NA	3.6	NA	NA	NA	NA	0.28	NA	NA	NA	NA	NA	NA	NA	NA	NA	NA	NA	NA	NA	NA
live_throughput	PUT/1M	before	3	NA	NA	3.5	NA	NA	NA	NA	0.29	NA	NA	NA	NA	NA	NA	NA	NA	NA	NA	NA	NA	NA	NA
live_throughput	PUT/1M	after	1	NA	NA	3.7	NA	NA	NA	NA	0.27	NA	NA	NA	NA	NA	NA	NA	NA	NA	NA	NA	NA	NA	NA
live_throughput	PUT/1M	after	2	NA	NA	3.7	NA	NA	NA	NA	0.27	NA	NA	NA	NA	NA	NA	NA	NA	NA	NA	NA	NA	NA	NA
live_throughput	PUT/1M	after	3	NA	NA	3.3	NA	NA	NA	NA	0.31	NA	NA	NA	NA	NA	NA	NA	NA	NA	NA	NA	NA	NA	NA
live_throughput	PUT/20x10M	before	1	NA	NA	19.9	NA	NA	NA	NA	10.06	NA	NA	NA	NA	NA	NA	NA	NA	NA	NA	NA	NA	NA	NA
live_throughput	PUT/20x10M	before	2	NA	NA	21.5	NA	NA	NA	NA	9.28	NA	NA	NA	NA	NA	NA	NA	NA	NA	NA	NA	NA	NA	NA
live_throughput	PUT/20x10M	before	3	NA	NA	21.6	NA	NA	NA	NA	9.27	NA	NA	NA	NA	NA	NA	NA	NA	NA	NA	NA	NA	NA	NA
live_throughput	PUT/20x10M	after	1	NA	NA	22.1	NA	NA	NA	NA	9.04	NA	NA	NA	NA	NA	NA	NA	NA	NA	NA	NA	NA	NA	NA
live_throughput	PUT/20x10M	after	2	NA	NA	22.5	NA	NA	NA	NA	8.89	NA	NA	NA	NA	NA	NA	NA	NA	NA	NA	NA	NA	NA	NA
live_throughput	PUT/20x10M	after	3	NA	NA	21.1	NA	NA	NA	NA	9.48	NA	NA	NA	NA	NA	NA	NA	NA	NA	NA	NA	NA	NA	NA
live_throughput	PUT/500M	before	1	NA	NA	76.4	NA	NA	NA	NA	6.55	NA	NA	NA	NA	NA	NA	NA	NA	NA	NA	NA	NA	NA	NA
live_throughput	PUT/500M	before	2	NA	NA	92.7	NA	NA	NA	NA	5.39	NA	NA	NA	NA	NA	NA	NA	NA	NA	NA	NA	NA	NA	NA
live_throughput	PUT/500M	before	3	NA	NA	97.3	NA	NA	NA	NA	5.14	NA	NA	NA	NA	NA	NA	NA	NA	NA	NA	NA	NA	NA	NA
live_throughput	PUT/500M	after	1	NA	NA	77.6	NA	NA	NA	NA	6.44	NA	NA	NA	NA	NA	NA	NA	NA	NA	NA	NA	NA	NA	NA
live_throughput	PUT/500M	after	2	NA	NA	96.5	NA	NA	NA	NA	5.18	NA	NA	NA	NA	NA	NA	NA	NA	NA	NA	NA	NA	NA	NA
live_throughput	PUT/500M	after	3	NA	NA	88.3	NA	NA	NA	NA	5.66	NA	NA	NA	NA	NA	NA	NA	NA	NA	NA	NA	NA	NA	NA
live_throughput	PUT/50M	before	1	NA	NA	47.6	NA	NA	NA	NA	1.05	NA	NA	NA	NA	NA	NA	NA	NA	NA	NA	NA	NA	NA	NA
live_throughput	PUT/50M	before	2	NA	NA	57.5	NA	NA	NA	NA	0.87	NA	NA	NA	NA	NA	NA	NA	NA	NA	NA	NA	NA	NA	NA
live_throughput	PUT/50M	before	3	NA	NA	59.2	NA	NA	NA	NA	0.85	NA	NA	NA	NA	NA	NA	NA	NA	NA	NA	NA	NA	NA	NA
live_throughput	PUT/50M	after	1	NA	NA	51.9	NA	NA	NA	NA	0.96	NA	NA	NA	NA	NA	NA	NA	NA	NA	NA	NA	NA	NA	NA
live_throughput	PUT/50M	after	2	NA	NA	59.6	NA	NA	NA	NA	0.84	NA	NA	NA	NA	NA	NA	NA	NA	NA	NA	NA	NA	NA	NA
live_throughput	PUT/50M	after	3	NA	NA	53.0	NA	NA	NA	NA	0.94	NA	NA	NA	NA	NA	NA	NA	NA	NA	NA	NA	NA	NA	NA
live_throughput	PUT/mount 100M	before	1	NA	NA	52.7	NA	NA	NA	NA	1.9	NA	NA	NA	NA	NA	NA	NA	NA	NA	NA	NA	NA	NA	NA
live_throughput	PUT/mount 100M	before	2	NA	NA	59.7	NA	NA	NA	NA	1.67	NA	NA	NA	NA	NA	NA	NA	NA	NA	NA	NA	NA	NA	NA
live_throughput	PUT/mount 100M	before	3	NA	NA	71.0	NA	NA	NA	NA	1.41	NA	NA	NA	NA	NA	NA	NA	NA	NA	NA	NA	NA	NA	NA
live_throughput	PUT/mount 100M	after	1	NA	NA	63.7	NA	NA	NA	NA	1.57	NA	NA	NA	NA	NA	NA	NA	NA	NA	NA	NA	NA	NA	NA
live_throughput	PUT/mount 100M	after	2	NA	NA	76.7	NA	NA	NA	NA	1.3	NA	NA	NA	NA	NA	NA	NA	NA	NA	NA	NA	NA	NA	NA
live_throughput	PUT/mount 100M	after	3	NA	NA	75.8	NA	NA	NA	NA	1.32	NA	NA	NA	NA	NA	NA	NA	NA	NA	NA	NA	NA	NA	NA
live_throughput	PUT/mount 500M	before	1	NA	NA	49.8	NA	NA	NA	NA	10.03	NA	NA	NA	NA	NA	NA	NA	NA	NA	NA	NA	NA	NA	NA
live_throughput	PUT/mount 500M	before	2	NA	NA	63.5	NA	NA	NA	NA	7.88	NA	NA	NA	NA	NA	NA	NA	NA	NA	NA	NA	NA	NA	NA
live_throughput	PUT/mount 500M	before	3	NA	NA	71.6	NA	NA	NA	NA	6.98	NA	NA	NA	NA	NA	NA	NA	NA	NA	NA	NA	NA	NA	NA
live_throughput	PUT/mount 500M	after	1	NA	NA	63.9	NA	NA	NA	NA	7.82	NA	NA	NA	NA	NA	NA	NA	NA	NA	NA	NA	NA	NA	NA
live_throughput	PUT/mount 500M	after	2	NA	NA	75.2	NA	NA	NA	NA	6.64	NA	NA	NA	NA	NA	NA	NA	NA	NA	NA	NA	NA	NA	NA
live_throughput	PUT/mount 500M	after	3	NA	NA	73.0	NA	NA	NA	NA	6.85	NA	NA	NA	NA	NA	NA	NA	NA	NA	NA	NA	NA	NA	NA
live_throughput	PUT/x8 100M	before	1	NA	NA	88.7	NA	NA	NA	NA	9.02	NA	NA	NA	NA	NA	NA	NA	NA	NA	NA	NA	NA	NA	NA
live_throughput	PUT/x8 100M	before	2	NA	NA	98.9	NA	NA	NA	NA	8.09	NA	NA	NA	NA	NA	NA	NA	NA	NA	NA	NA	NA	NA	NA
live_throughput	PUT/x8 100M	before	3	NA	NA	99.4	NA	NA	NA	NA	8.05	NA	NA	NA	NA	NA	NA	NA	NA	NA	NA	NA	NA	NA	NA
live_throughput	PUT/x8 100M	after	1	NA	NA	99.7	NA	NA	NA	NA	8.02	NA	NA	NA	NA	NA	NA	NA	NA	NA	NA	NA	NA	NA	NA
live_throughput	PUT/x8 100M	after	2	NA	NA	98.7	NA	NA	NA	NA	8.11	NA	NA	NA	NA	NA	NA	NA	NA	NA	NA	NA	NA	NA	NA
live_throughput	PUT/x8 100M	after	3	NA	NA	92.2	NA	NA	NA	NA	8.68	NA	NA	NA	NA	NA	NA	NA	NA	NA	NA	NA	NA	NA	NA
live_throughput	PUT/x8 500M	before	1	NA	NA	89.6	NA	NA	NA	NA	44.64	NA	NA	NA	NA	NA	NA	NA	NA	NA	NA	NA	NA	NA	NA
live_throughput	PUT/x8 500M	before	2	NA	NA	106.3	NA	NA	NA	NA	37.64	NA	NA	NA	NA	NA	NA	NA	NA	NA	NA	NA	NA	NA	NA
live_throughput	PUT/x8 500M	before	3	NA	NA	107.0	NA	NA	NA	NA	37.39	NA	NA	NA	NA	NA	NA	NA	NA	NA	NA	NA	NA	NA	NA
live_throughput	PUT/x8 500M	after	1	NA	NA	106.8	NA	NA	NA	NA	37.44	NA	NA	NA	NA	NA	NA	NA	NA	NA	NA	NA	NA	NA	NA
live_throughput	PUT/x8 500M	after	2	NA	NA	106.8	NA	NA	NA	NA	37.44	NA	NA	NA	NA	NA	NA	NA	NA	NA	NA	NA	NA	NA	NA
live_throughput	PUT/x8 500M	after	3	NA	NA	104.5	NA	NA	NA	NA	38.29	NA	NA	NA	NA	NA	NA	NA	NA	NA	NA	NA	NA	NA	NA
